date,business_id,sold_lots,gmv_usd_current_fx,skipped_fx_lots,gmv_native_by_currency
2025-06-30,AD,915,97360.19,0,"{""USD"":97360.19}"
2025-06-30,ALL,2532,3793984.44,0,"{""AUD"":270,""BRL"":683000,""CAD"":67892,""USD"":3613512.75,""ZAR"":6860}"
2025-06-30,GD,1574,3563628.75,0,"{""CAD"":67892,""USD"":3515832.56}"
2025-06-30,GI,43,132995.5,0,"{""AUD"":270,""BRL"":683000,""USD"":320,""ZAR"":6860}"
2025-07-01,AD,944,19427.34,0,"{""USD"":19427.34}"
2025-07-01,ALL,2584,2266880.82,0,"{""BRL"":367812,""CAD"":11897.01,""USD"":2187375.35,""ZAR"":100}"
2025-07-01,GD,1635,2176323.54,0,"{""CAD"":11897.01,""USD"":2167948.01}"
2025-07-01,GI,5,71129.94,0,"{""BRL"":367812,""ZAR"":100}"
2025-07-02,AD,915,15680.6,0,"{""USD"":15680.6}"
2025-07-02,ALL,2439,1878125.3,0,"{""BRL"":254038,""CAD"":67542.99,""USD"":1781451.46}"
2025-07-02,GD,1519,1812271.34,0,"{""CAD"":67542.99,""USD"":1764720.86}"
2025-07-02,GI,5,50173.36,0,"{""BRL"":254038,""USD"":1050}"
2025-07-03,AD,813,81270.01,0,"{""USD"":81270.01}"
2025-07-03,ALL,1995,2357840.42,0,"{""BRL"":835526,""CAD"":79211,""USD"":1978588.08,""ZAR"":2659000}"
2025-07-03,GD,1139,1953082.87,0,"{""CAD"":79211,""USD"":1897318.07}"
2025-07-03,GI,43,323487.54,0,"{""BRL"":835526,""ZAR"":2659000}"
2025-07-04,ALL,527,940985.47,0,"{""BRL"":601256,""CAD"":23089.02,""USD"":800762.47,""ZAR"":126500}"
2025-07-04,GD,518,817017.21,0,"{""CAD"":23089.02,""USD"":800762.47}"
2025-07-04,GI,9,123968.25,0,"{""BRL"":601256,""ZAR"":126500}"
2025-07-05,ALL,425,476698.36,0,"{""BRL"":128304,""CAD"":1400,""USD"":450902.6}"
2025-07-05,GD,423,451888.2,0,"{""CAD"":1400,""USD"":450902.6}"
2025-07-05,GI,2,24810.16,0,"{""BRL"":128304}"
2025-07-06,AD,836,20826.41,0,"{""USD"":20826.41}"
2025-07-06,ALL,1377,630637.15,0,"{""BRL"":112218,""CAD"":23877,""USD"":592128.06}"
2025-07-06,GD,540,588111.14,0,"{""CAD"":23877,""USD"":571301.65}"
2025-07-06,GI,1,21699.61,0,"{""BRL"":112218}"
2025-07-07,AD,825,17496.6,0,"{""USD"":17496.6}"
2025-07-07,ALL,2603,2991148.37,0,"{""BRL"":668810,""CAD"":222574,""USD"":2705127.69}"
2025-07-07,GD,1772,2844323.91,0,"{""CAD"":222574,""USD"":2687631.09}"
2025-07-07,GI,6,129327.86,0,"{""BRL"":668810}"
2025-07-08,AD,750,13835.18,0,"{""USD"":13835.18}"
2025-07-08,ALL,2783,2871137.08,0,"{""BRL"":916751,""CAD"":36856.53,""GBP"":30609,""USD"":2627381.8}"
2025-07-08,GD,1930,2639343.74,0,"{""CAD"":36856.53,""USD"":2613396.62}"
2025-07-08,GI,103,217958.17,0,"{""BRL"":916751,""GBP"":30609,""USD"":150}"
2025-07-09,AD,968,21290.77,0,"{""USD"":21290.77}"
2025-07-09,ALL,2457,2371285.72,0,"{""BRL"":501000,""CAD"":34806,""GBP"":3225,""USD"":2245632.84}"
2025-07-09,GD,1466,2236548.61,0,"{""CAD"":34806,""USD"":2212045.07}"
2025-07-09,GI,23,113446.34,0,"{""BRL"":501000,""GBP"":3225,""USD"":12297}"
2025-07-10,AD,879,20390.03,0,"{""USD"":20390.03}"
2025-07-10,ALL,2563,3760550.53,0,"{""BRL"":746091,""CAD"":219780,""EUR"":8500,""GBP"":108401,""USD"":3299366.5,""ZAR"":146580}"
2025-07-10,GD,1354,2974124.3,0,"{""CAD"":219780,""USD"":2819398.47}"
2025-07-10,GI,330,766036.2,0,"{""BRL"":746091,""EUR"":8500,""GBP"":108401,""USD"":459578,""ZAR"":146580}"
2025-07-11,AD,906,18963.89,0,"{""USD"":18963.89}"
2025-07-11,ALL,1671,1929190.07,0,"{""BRL"":369421,""CAD"":76604,""GBP"":14525,""USD"":1784589.97}"
2025-07-11,GD,749,1819555.54,0,"{""CAD"":76604,""USD"":1765626.08}"
2025-07-11,GI,16,90670.64,0,"{""BRL"":369421,""GBP"":14525}"
2025-07-12,AD,879,18554.75,0,"{""USD"":18554.75}"
2025-07-12,ALL,1372,542415.09,0,"{""BRL"":224101,""CAD"":222,""USD"":498924.37}"
2025-07-12,GD,490,480525.91,0,"{""CAD"":222,""USD"":480369.62}"
2025-07-12,GI,3,43334.44,0,"{""BRL"":224101}"
2025-07-13,AD,863,19723.1,0,"{""USD"":19723.1}"
2025-07-13,ALL,1249,452099.64,0,"{""CAD"":6020,""USD"":447861.54}"
2025-07-13,GD,386,432376.54,0,"{""CAD"":6020,""USD"":428138.44}"
2025-07-14,AD,894,21349.1,0,"{""USD"":21349.1}"
2025-07-14,ALL,2215,2617550.04,0,"{""BRL"":178493,""CAD"":19297.5,""GBP"":12275,""USD"":2553193.37}"
2025-07-14,GD,1309,2545429.77,0,"{""CAD"":19297.5,""USD"":2531844.27}"
2025-07-14,GI,12,50771.16,0,"{""BRL"":178493,""GBP"":12275}"
2025-07-15,AD,938,20238.71,0,"{""USD"":20238.71}"
2025-07-15,ALL,2927,2937427.5,0,"{""BRL"":87490,""CAD"":48536.25,""GBP"":114559,""USD"":2734349.2,""ZAR"":4575}"
2025-07-15,GD,1918,2748280.17,0,"{""CAD"":48536.25,""USD"":2714110.49}"
2025-07-15,GI,71,168908.62,0,"{""BRL"":87490,""GBP"":114559,""ZAR"":4575}"
2025-07-16,AD,892,20230.11,0,"{""USD"":20230.11}"
2025-07-16,ALL,2344,2089851.92,0,"{""BRL"":214000,""CAD"":182243,""USD"":1918953.14,""ZAR"":20000}"
2025-07-16,GD,1449,1777022.69,0,"{""CAD"":182243,""USD"":1648723.03}"
2025-07-16,GI,3,292599.12,0,"{""BRL"":214000,""USD"":250000,""ZAR"":20000}"
2025-07-17,AD,1008,310390.91,0,"{""USD"":310390.91}"
2025-07-17,ALL,2648,3000266.83,0,"{""BRL"":383599,""CAD"":64881.69,""GBP"":1550,""USD"":2877029.46,""ZAR"":21860}"
2025-07-17,GD,1470,2497957.61,0,"{""CAD"":64881.69,""USD"":2452280.69}"
2025-07-17,GI,170,191918.31,0,"{""BRL"":383599,""GBP"":1550,""USD"":114357.86,""ZAR"":21860}"
2025-07-18,AD,956,19944.59,0,"{""USD"":19944.59}"
2025-07-18,ALL,1991,1744779.58,0,"{""BRL"":359000,""CAD"":11770.14,""GBP"":2500,""USD"":1663762.71}"
2025-07-18,GD,998,1611913.35,0,"{""CAD"":11770.14,""USD"":1603627.13}"
2025-07-18,GI,37,112921.65,0,"{""BRL"":359000,""GBP"":2500,""USD"":40190.99}"
2025-07-19,AD,1002,22407.84,0,"{""USD"":22407.84}"
2025-07-19,ALL,1466,623317.95,0,"{""CAD"":1001,""USD"":622613.24}"
2025-07-19,GD,464,600910.11,0,"{""CAD"":1001,""USD"":600205.4}"
2025-07-20,AD,854,19922.58,0,"{""USD"":19922.58}"
2025-07-20,ALL,1555,1233853.19,0,"{""CAD"":7620,""USD"":1228488.69}"
2025-07-20,GD,701,1213930.61,0,"{""CAD"":7620,""USD"":1208566.11}"
2025-07-21,AD,629,47493.96,0,"{""USD"":47493.96}"
2025-07-21,ALL,2071,3057077.01,0,"{""BRL"":289334,""CAD"":99326.53,""USD"":2931202.26}"
2025-07-21,GD,1441,2953634.5,0,"{""CAD"":99326.53,""USD"":2883708.3}"
2025-07-21,GI,1,55948.55,0,"{""BRL"":289334}"
2025-07-22,AD,589,14439.06,0,"{""USD"":14439.06}"
2025-07-22,ALL,2584,3801682.73,0,"{""BRL"":175850,""CAD"":189605,""USD"":3188904.95,""ZAR"":7312352}"
2025-07-22,GD,1932,3306748.43,0,"{""CAD"":189605,""USD"":3173265.89}"
2025-07-22,GI,63,480495.25,0,"{""BRL"":175850,""USD"":1200,""ZAR"":7312352}"
2025-07-23,AD,1003,25718.36,0,"{""USD"":25718.36}"
2025-07-23,ALL,2564,2507119.02,0,"{""BRL"":235000,""CAD"":49873.13,""EUR"":84447.05,""USD"":2330162.93}"
2025-07-23,GD,1451,2279079.06,0,"{""CAD"":49873.13,""USD"":2243968.21}"
2025-07-23,GI,110,202321.61,0,"{""BRL"":235000,""EUR"":84447.05,""USD"":60476.36}"
2025-07-24,AD,937,23349.33,0,"{""USD"":23349.33}"
2025-07-24,ALL,3136,4036255.28,0,"{""BRL"":227000,""CAD"":61405,""USD"":3827349.2,""ZAR"":1999840}"
2025-07-24,GD,1521,3282180.88,0,"{""CAD"":61405,""USD"":3238951.56}"
2025-07-24,GI,678,730725.07,0,"{""BRL"":227000,""USD"":565048.31,""ZAR"":1999840}"
2025-07-25,AD,917,23884.36,0,"{""USD"":23884.36}"
2025-07-25,ALL,2105,3198878.52,0,"{""BRL"":184146,""CAD"":299901,""GBP"":200,""MXN"":2242041.73,""USD"":2798666.23,""ZAR"":410000}"
2025-07-25,GD,1156,2975088.15,0,"{""CAD"":299901,""USD"":2763956.87}"
2025-07-25,GI,32,199906.02,0,"{""BRL"":184146,""GBP"":200,""MXN"":2242041.73,""USD"":10825,""ZAR"":410000}"
2025-07-26,AD,860,18020.81,0,"{""USD"":18020.81}"
2025-07-26,ALL,1289,588411.34,0,"{""CAD"":25,""USD"":588393.74}"
2025-07-26,GD,426,568715.53,0,"{""CAD"":25,""USD"":568697.93}"
2025-07-26,GI,3,1675,0,"{""USD"":1675}"
2025-07-27,AD,886,19550.92,0,"{""USD"":19550.92}"
2025-07-27,ALL,1444,382854.79,0,"{""CAD"":2384,""USD"":381176.45}"
2025-07-27,GD,558,363303.87,0,"{""CAD"":2384,""USD"":361625.53}"
2025-07-28,AD,815,26675.16,0,"{""USD"":26675.16}"
2025-07-28,ALL,2500,2740521.95,0,"{""CAD"":51114.51,""USD"":2675040.63,""ZAR"":484377.62}"
2025-07-28,GD,1678,2682750.25,0,"{""CAD"":51114.51,""USD"":2646765.47}"
2025-07-28,GI,7,31096.54,0,"{""USD"":1600,""ZAR"":484377.62}"
2025-07-29,AD,631,14720.34,0,"{""USD"":14720.34}"
2025-07-29,ALL,2453,2832030.76,0,"{""BRL"":309000,""CAD"":316257,""USD"":2549501.91,""ZAR"":2160}"
2025-07-29,GD,1818,2757277.52,0,"{""CAD"":316257,""USD"":2534631.57}"
2025-07-29,GI,4,60032.9,0,"{""BRL"":309000,""USD"":150,""ZAR"":2160}"
2025-07-30,AD,620,67092.33,0,"{""USD"":67092.33}"
2025-07-30,ALL,2087,2494995.54,0,"{""BRL"":781006,""CAD"":149274.25,""USD"":2238882.77}"
2025-07-30,GD,1461,2274930,0,"{""CAD"":149274.25,""USD"":2169840.44}"
2025-07-30,GI,6,152973.22,0,"{""BRL"":781006,""USD"":1950}"
2025-07-31,AD,713,280531.74,0,"{""USD"":280531.74}"
2025-07-31,ALL,2326,3207012.17,0,"{""BRL"":250000,""CAD"":423397.85,""USD"":2859881.67,""ZAR"":11733.32}"
2025-07-31,GD,1589,2812523.39,0,"{""CAD"":423397.85,""USD"":2514449.93}"
2025-07-31,GI,24,113957.04,0,"{""BRL"":250000,""USD"":64900,""ZAR"":11733.32}"
2025-08-01,AD,600,14245.65,0,"{""USD"":14245.65}"
2025-08-01,ALL,1636,1746781.16,0,"{""BRL"":53542,""CAD"":28577,""USD"":1715886.21,""ZAR"":6950}"
2025-08-01,GD,1028,1699116.6,0,"{""CAD"":28577,""USD"":1678998.3}"
2025-08-01,GI,8,33418.91,0,"{""BRL"":53542,""USD"":22642.26,""ZAR"":6950}"
2025-08-02,AD,639,12943.81,0,"{""USD"":12943.81}"
2025-08-02,ALL,1083,463661.29,0,"{""USD"":463661.29}"
2025-08-02,GD,444,450717.48,0,"{""USD"":450717.48}"
2025-08-03,AD,680,14160.46,0,"{""USD"":14160.46}"
2025-08-03,ALL,1172,812666.33,0,"{""CAD"":82,""USD"":812608.6}"
2025-08-03,GD,491,797655.87,0,"{""CAD"":82,""USD"":797598.14}"
2025-08-03,GI,1,850,0,"{""USD"":850}"
2025-08-04,AD,665,34231.1,0,"{""USD"":34231.1}"
2025-08-04,ALL,2194,2177325.83,0,"{""BRL"":131500,""CAD"":83674,""USD"":2092990.89}"
2025-08-04,GD,1528,2117666.56,0,"{""CAD"":83674,""USD"":2058759.79}"
2025-08-04,GI,1,25428.17,0,"{""BRL"":131500}"
2025-08-05,AD,869,22272.46,0,"{""USD"":22272.46}"
2025-08-05,ALL,2705,3331555.21,0,"{""CAD"":127342.9,""EUR"":15300,""USD"":3224439.18}"
2025-08-05,GD,1832,3275994.53,0,"{""CAD"":127342.9,""USD"":3186344.72}"
2025-08-05,GI,4,33288.21,0,"{""EUR"":15300,""USD"":15822}"
2025-08-06,AD,884,25426.32,0,"{""USD"":25426.32}"
2025-08-06,ALL,2498,2773249.38,0,"{""CAD"":128985,""USD"":2679194.61,""ZAR"":53352}"
2025-08-06,GD,1609,2740446.15,0,"{""CAD"":128985,""USD"":2649640.29}"
2025-08-06,GI,5,7376.91,0,"{""USD"":4128,""ZAR"":53352}"
2025-08-07,AD,853,22805.07,0,"{""USD"":22805.07}"
2025-08-07,ALL,2592,2777470.44,0,"{""BRL"":499704,""CAD"":171029.6,""MXN"":133826,""USD"":2552782.63}"
2025-08-07,GD,1572,2436899.39,0,"{""CAD"":171029.6,""USD"":2316494}"
2025-08-07,GI,167,317765.97,0,"{""BRL"":499704,""MXN"":133826,""USD"":213483.56}"
2025-08-08,AD,835,43606.65,0,"{""USD"":43606.65}"
2025-08-08,ALL,1960,2330222.75,0,"{""BRL"":303360,""CAD"":70097,""MXN"":411350,""USD"":2198685.03}"
2025-08-08,GD,1119,2160401.9,0,"{""CAD"":70097,""USD"":2111053.38}"
2025-08-08,GI,6,126214.2,0,"{""BRL"":303360,""MXN"":411350,""USD"":44025}"
2025-08-09,AD,732,16078.57,0,"{""USD"":16078.57}"
2025-08-09,ALL,1098,437121.21,0,"{""CAD"":19800,""USD"":423181.95}"
2025-08-09,GD,366,421042.64,0,"{""CAD"":19800,""USD"":407103.38}"
2025-08-10,AD,808,21779.15,0,"{""USD"":21779.15}"
2025-08-10,ALL,1265,684407.51,0,"{""CAD"":29553,""USD"":663602.1}"
2025-08-10,GD,457,662628.36,0,"{""CAD"":29553,""USD"":641822.95}"
2025-08-11,AD,796,44123.63,0,"{""USD"":44123.63}"
2025-08-11,ALL,2447,3041898.13,0,"{""BRL"":148904,""CAD"":144098.99,""MXN"":2319290.96,""USD"":2778999.31}"
2025-08-11,GD,1627,2828010.84,0,"{""CAD"":144098.99,""USD"":2726564.68}"
2025-08-11,GI,24,169763.66,0,"{""BRL"":148904,""MXN"":2319290.96,""USD"":8311}"
2025-08-12,AD,896,48035.6,0,"{""USD"":48035.6}"
2025-08-12,ALL,2919,3374063.64,0,"{""BRL"":226111,""CAD"":141576,""MXN"":379764,""USD"":3206870.71,""ZAR"":34125}"
2025-08-12,GD,2013,3257080.07,0,"{""CAD"":141576,""USD"":3157410.11}"
2025-08-12,GI,10,68947.96,0,"{""BRL"":226111,""MXN"":379764,""USD"":1425,""ZAR"":34125}"
2025-08-13,AD,884,80890.66,0,"{""USD"":80890.66}"
2025-08-13,ALL,2387,2286994.99,0,"{""BRL"":36073,""CAD"":92523.07,""MXN"":163947,""USD"":2204414.91,""ZAR"":17910}"
2025-08-13,GD,1460,2188660.79,0,"{""CAD"":92523.07,""USD"":2123524.25}"
2025-08-13,GI,43,17443.54,0,"{""BRL"":36073,""MXN"":163947,""ZAR"":17910}"
2025-08-14,AD,956,355202.19,0,"{""USD"":355202.19}"
2025-08-14,ALL,2648,4492896.15,0,"{""AUD"":875,""BRL"":126089,""CAD"":221914,""MXN"":1719123.62,""USD"":3744516.49,""ZAR"":7699000}"
2025-08-14,GD,1569,3221718.02,0,"{""CAD"":221914,""USD"":3065489.84}"
2025-08-14,GI,123,915975.94,0,"{""AUD"":875,""BRL"":126089,""MXN"":1719123.62,""USD"":323824.46,""ZAR"":7699000}"
2025-08-15,AD,869,24837.35,0,"{""USD"":24837.35}"
2025-08-15,ALL,1963,2001453.93,0,"{""AUD"":900,""BRL"":226000,""CAD"":43724,""CNY"":74300,""MXN"":205777,""USD"":1903661.13}"
2025-08-15,GD,1082,1909605.62,0,"{""CAD"":43724,""USD"":1878823.78}"
2025-08-15,GI,12,67010.97,0,"{""AUD"":900,""BRL"":226000,""CNY"":74300,""MXN"":205777}"
2025-08-16,AD,868,21428.53,0,"{""USD"":21428.53}"
2025-08-16,ALL,1206,359125.15,0,"{""CAD"":2935,""USD"":357058.9}"
2025-08-16,GD,338,337696.62,0,"{""CAD"":2935,""USD"":335630.37}"
2025-08-17,AD,859,20035.96,0,"{""USD"":20035.96}"
2025-08-17,ALL,1234,554896.88,0,"{""CAD"":13728,""USD"":545232.32}"
2025-08-17,GD,375,534860.92,0,"{""CAD"":13728,""USD"":525196.36}"
2025-08-18,AD,828,29299.77,0,"{""USD"":29299.77}"
2025-08-18,ALL,2350,2305159.25,0,"{""AUD"":100,""BRL"":439698,""CAD"":59840.53,""USD"":2177937.99}"
2025-08-18,GD,1517,2180766.15,0,"{""CAD"":59840.53,""USD"":2138638.22}"
2025-08-18,GI,5,95093.33,0,"{""AUD"":100,""BRL"":439698,""USD"":10000}"
2025-08-19,AD,880,24904.69,0,"{""USD"":24904.69}"
2025-08-19,ALL,2761,2809775.34,0,"{""BRL"":340000,""CAD"":146253.85,""EUR"":31000,""USD"":2605677.26}"
2025-08-19,GD,1876,2683735.75,0,"{""CAD"":146253.85,""USD"":2580772.57}"
2025-08-19,GI,5,101134.9,0,"{""BRL"":340000,""EUR"":31000}"
2025-08-20,AD,890,20127.32,0,"{""USD"":20127.32}"
2025-08-20,ALL,2500,2936550.43,0,"{""BRL"":581308,""CAD"":181304,""USD"":2496895.29,""ZAR"":3277880}"
2025-08-20,GD,1517,2527498.73,0,"{""CAD"":180094,""USD"":2400711.97}"
2025-08-20,GI,93,388924.38,0,"{""BRL"":581308,""CAD"":1210,""USD"":76056,""ZAR"":3277880}"
2025-08-21,AD,876,21237.93,0,"{""USD"":21237.93}"
2025-08-21,ALL,2948,4333960.58,0,"{""BRL"":282261,""CAD"":484647.91,""EUR"":32780,""GBP"":129312.01,""USD"":3666549.08,""ZAR"":1034000}"
2025-08-21,GD,1425,3095205.62,0,"{""CAD"":484647.91,""USD"":2754011.92}"
2025-08-21,GI,647,1217517.03,0,"{""BRL"":282261,""EUR"":32780,""GBP"":129312.01,""USD"":891299.23,""ZAR"":1034000}"
2025-08-22,AD,817,18809.87,0,"{""USD"":18809.87}"
2025-08-22,ALL,1937,2286082.94,0,"{""BRL"":434966,""CAD"":57675,""GBP"":4350,""USD"":2144922.16,""ZAR"":175500}"
2025-08-22,GD,1112,2152015.68,0,"{""CAD"":57675,""USD"":2111412.29}"
2025-08-22,GI,8,115257.39,0,"{""BRL"":434966,""GBP"":4350,""USD"":14700,""ZAR"":175500}"
2025-08-23,AD,769,16352.98,0,"{""USD"":16352.98}"
2025-08-23,ALL,1191,487899.94,0,"{""CAD"":21234,""USD"":472951.14}"
2025-08-23,GD,422,471546.96,0,"{""CAD"":21234,""USD"":456598.16}"
2025-08-24,AD,26,65,0,"{""USD"":65}"
2025-08-24,ALL,453,623314.42,0,"{""CAD"":4636,""USD"":620050.66}"
2025-08-24,GD,427,623249.42,0,"{""CAD"":4636,""USD"":619985.66}"
2025-08-25,AD,782,83263.75,0,"{""USD"":83263.75}"
2025-08-25,ALL,2391,2385906.84,0,"{""BRL"":400000,""CAD"":248880,""USD"":2133346.47}"
2025-08-25,GD,1605,2220045.05,0,"{""CAD"":248880,""USD"":2044832.72}"
2025-08-25,GI,4,82598.04,0,"{""BRL"":400000,""USD"":5250}"
2025-08-26,AD,1028,19600.19,0,"{""USD"":19600.19}"
2025-08-26,ALL,2859,3043508.76,0,"{""BRL"":152299,""CAD"":292936.28,""CNY"":258300,""USD"":2740400.31,""ZAR"":483936.43}"
2025-08-26,GD,1796,2927028.21,0,"{""CAD"":292936.28,""USD"":2720800.12}"
2025-08-26,GI,35,96880.36,0,"{""BRL"":152299,""CNY"":258300,""ZAR"":483936.43}"
2025-08-27,AD,961,17567.9,0,"{""USD"":17567.9}"
2025-08-27,ALL,2795,3338176.88,0,"{""BRL"":336989,""CAD"":125965,""USD"":2951519.64,""ZAR"":3823155}"
2025-08-27,GD,1573,2878910.77,0,"{""CAD"":125965,""USD"":2790231}"
2025-08-27,GI,261,441698.21,0,"{""BRL"":336989,""USD"":143720.74,""ZAR"":3823155}"
2025-08-28,AD,987,553785.23,0,"{""USD"":553785.23}"
2025-08-28,ALL,2884,5644976.89,0,"{""CAD"":106801.53,""CNY"":1549000,""USD"":5332429.28,""ZAR"":159500}"
2025-08-28,GD,1676,4364051.95,0,"{""CAD"":106801.53,""USD"":4288863.33}"
2025-08-28,GI,221,727139.71,0,"{""CNY"":1549000,""USD"":489780.72,""ZAR"":159500}"
2025-08-29,AD,974,37373.48,0,"{""USD"":37373.48}"
2025-08-29,ALL,2154,2823824.78,0,"{""AUD"":62,""BRL"":452754,""CAD"":64482,""USD"":2690837.45}"
2025-08-29,GD,1158,2402960.95,0,"{""CAD"":64482,""USD"":2357565.41}"
2025-08-29,GI,22,383490.36,0,"{""AUD"":62,""BRL"":452754,""USD"":295898.56}"
2025-08-30,AD,946,24046.8,0,"{""USD"":24046.8}"
2025-08-30,ALL,1393,462034.59,0,"{""CAD"":1427,""USD"":461029.98}"
2025-08-30,GD,446,437687.79,0,"{""CAD"":1427,""USD"":436683.18}"
2025-08-30,GI,1,300,0,"{""USD"":300}"
2025-08-31,AD,503,9430.33,0,"{""USD"":9430.33}"
2025-08-31,ALL,918,509853.1,0,"{""CAD"":120,""USD"":509768.62}"
2025-08-31,GD,415,500422.77,0,"{""CAD"":120,""USD"":500338.29}"
2025-09-01,AD,3,9300,0,"{""USD"":9300}"
2025-09-01,ALL,1004,1640722.19,0,"{""BRL"":422500,""CAD"":55209,""USD"":1520156}"
2025-09-01,GD,998,1549723.32,0,"{""CAD"":55209,""USD"":1510856}"
2025-09-01,GI,3,81698.87,0,"{""BRL"":422500}"
2025-09-02,AD,529,14772.68,0,"{""USD"":14772.68}"
2025-09-02,ALL,2475,3173047.26,0,"{""CAD"":102169.54,""USD"":3101119.57}"
2025-09-02,GD,1944,3153245.97,0,"{""CAD"":102169.54,""USD"":3081318.28}"
2025-09-02,GI,2,5028.61,0,"{""USD"":5028.61}"
2025-09-03,AD,793,193288.36,0,"{""USD"":193288.36}"
2025-09-03,ALL,2319,3319568.2,0,"{""BRL"":92000,""CAD"":32716,""USD"":3278745.98}"
2025-09-03,GD,1520,3078903.79,0,"{""CAD"":32716,""USD"":3055871.62}"
2025-09-03,GI,6,47376.05,0,"{""BRL"":92000,""USD"":29586}"
2025-09-04,AD,831,25575.06,0,"{""USD"":25575.06}"
2025-09-04,ALL,2391,2745101.36,0,"{""CAD"":484322,""EUR"":17225,""GBP"":1100,""USD"":2383016.6}"
2025-09-04,GD,1195,2221957.79,0,"{""CAD"":484322,""USD"":1880993.53}"
2025-09-04,GI,365,497568.51,0,"{""EUR"":17225,""GBP"":1100,""USD"":476448.01}"
2025-09-05,AD,824,89245.23,0,"{""USD"":89245.23}"
2025-09-05,ALL,1910,2126890.59,0,"{""BRL"":142500,""CAD"":143235,""USD"":1998497.44}"
2025-09-05,GD,1072,1997553.18,0,"{""CAD"":143235,""USD"":1896715.28}"
2025-09-05,GI,14,40092.17,0,"{""BRL"":142500,""USD"":12536.93}"
2025-09-06,AD,757,14142.13,0,"{""USD"":14142.13}"
2025-09-06,ALL,1163,519427.01,0,"{""CAD"":1025,""USD"":518705.41}"
2025-09-06,GD,406,505284.88,0,"{""CAD"":1025,""USD"":504563.28}"
2025-09-07,AD,815,16118.57,0,"{""USD"":16118.57}"
2025-09-07,ALL,1271,536986.62,0,"{""CAD"":38877,""USD"":509617.09}"
2025-09-07,GD,456,520868.05,0,"{""CAD"":38877,""USD"":493498.52}"
2025-09-08,AD,779,19229.64,0,"{""USD"":19229.64}"
2025-09-08,ALL,1935,2527906.71,0,"{""BRL"":129160,""CAD"":118998.42,""MXN"":144926,""USD"":2410866.26}"
2025-09-08,GD,1154,2475411.89,0,"{""CAD"":118998.42,""USD"":2391636.62}"
2025-09-08,GI,2,33265.18,0,"{""BRL"":129160,""MXN"":144926}"
2025-09-09,AD,813,22764.11,0,"{""USD"":22764.11}"
2025-09-09,ALL,2799,4291724.31,0,"{""BRL"":282761,""CAD"":170741,""EUR"":204145,""MXN"":36267,""USD"":3881688.01,""ZAR"":554.99}"
2025-09-09,GD,1952,3444985.81,0,"{""CAD"":170741,""USD"":3324783.59}"
2025-09-09,GI,34,823974.39,0,"{""BRL"":282761,""EUR"":204145,""MXN"":36267,""USD"":534140.31,""ZAR"":554.99}"
2025-09-10,AD,831,14755.48,0,"{""USD"":14755.48}"
2025-09-10,ALL,2362,5394622.41,0,"{""BRL"":38652,""CAD"":145138,""EUR"":3872,""MXN"":373242,""USD"":5259201.7}"
2025-09-10,GD,1518,5335623.84,0,"{""CAD"":145138,""USD"":5233446.22}"
2025-09-10,GI,13,44243.09,0,"{""BRL"":38652,""EUR"":3872,""MXN"":373242,""USD"":11000}"
2025-09-11,AD,826,236362.81,0,"{""USD"":236362.81}"
2025-09-11,ALL,2218,4208658.81,0,"{""BRL"":275339,""CAD"":383442,""MXN"":247094,""USD"":3519848.52,""ZAR"":5772000}"
2025-09-11,GD,1262,3507500.12,0,"{""CAD"":383442,""USD"":3237555.71}"
2025-09-11,GI,130,464795.88,0,"{""BRL"":275339,""MXN"":247094,""USD"":45930,""ZAR"":5772000}"
2025-09-12,AD,820,14488.06,0,"{""USD"":14488.06}"
2025-09-12,ALL,1922,2667795.93,0,"{""AUD"":117,""BRL"":147010,""CAD"":80178,""EUR"":9425,""USD"":2572083.02}"
2025-09-12,GD,1085,2551659.36,0,"{""CAD"":80178,""USD"":2495213.79}"
2025-09-12,GI,17,101648.51,0,"{""AUD"":117,""BRL"":147010,""EUR"":9425,""USD"":62381.17}"
2025-09-13,AD,796,14077.61,0,"{""USD"":14077.61}"
2025-09-13,ALL,1205,409789,0,"{""CAD"":3260,""USD"":407493.95}"
2025-09-13,GD,409,395711.39,0,"{""CAD"":3260,""USD"":393416.34}"
2025-09-14,AD,712,13198.76,0,"{""USD"":13198.76}"
2025-09-14,ALL,1139,1025426,0,"{""CAD"":2550,""USD"":1023630.79}"
2025-09-14,GD,427,1012227.24,0,"{""CAD"":2550,""USD"":1010432.03}"
2025-09-15,AD,676,35998.23,0,"{""USD"":35998.23}"
2025-09-15,ALL,2317,3808739.95,0,"{""BRL"":51000,""CAD"":187670.52,""USD"":3666757.42}"
2025-09-15,GD,1640,3762879.84,0,"{""CAD"":187670.52,""USD"":3630759.19}"
2025-09-15,GI,1,9861.88,0,"{""BRL"":51000}"
2025-09-16,AD,855,144621.57,0,"{""USD"":144621.57}"
2025-09-16,ALL,2987,6178961.41,0,"{""BRL"":112497,""CAD"":34751,""EUR"":136737.06,""USD"":5975918.7,""ZAR"":11950}"
2025-09-16,GD,2044,5855684.95,0,"{""CAD"":34751,""USD"":5831220.13}"
2025-09-16,GI,88,178654.89,0,"{""BRL"":112497,""EUR"":136737.06,""USD"":77,""ZAR"":11950}"
2025-09-17,AD,956,29479.77,0,"{""USD"":29479.77}"
2025-09-17,ALL,2932,3461117.11,0,"{""CAD"":268497.54,""USD"":3089303.22,""ZAR"":3001700}"
2025-09-17,GD,1831,3165733.79,0,"{""CAD"":268297.54,""USD"":2976851.45}"
2025-09-17,GI,145,265903.55,0,"{""CAD"":200,""USD"":82972,""ZAR"":3001700}"
2025-09-18,AD,984,692916.41,0,"{""USD"":692916.41}"
2025-09-18,ALL,2850,6740528.94,0,"{""BRL"":47000,""CAD"":168993.53,""MXN"":665396,""USD"":6568319.58,""ZAR"":100000}"
2025-09-18,GD,1451,5554801.44,0,"{""CAD"":168993.53,""USD"":5435829.45}"
2025-09-18,GI,415,492811.09,0,"{""BRL"":47000,""MXN"":665396,""USD"":439573.72,""ZAR"":100000}"
2025-09-19,AD,894,42120.75,0,"{""USD"":42120.75}"
2025-09-19,ALL,2018,1792025.09,0,"{""BRL"":123481,""CAD"":79681,""USD"":1712051.87}"
2025-09-19,GD,1122,1726026.8,0,"{""CAD"":79681,""USD"":1669931.12}"
2025-09-19,GI,2,23877.53,0,"{""BRL"":123481}"
2025-09-20,AD,927,19846.37,0,"{""USD"":19846.37}"
2025-09-20,ALL,1288,473490.6,0,"{""CAD"":33200,""USD"":450117.69}"
2025-09-20,GD,361,453644.23,0,"{""CAD"":33200,""USD"":430271.32}"
2025-09-21,AD,818,18787.45,0,"{""USD"":18787.45}"
2025-09-21,ALL,1305,566483.87,0,"{""USD"":566483.87}"
2025-09-21,GD,487,547696.42,0,"{""USD"":547696.42}"
2025-09-22,AD,818,19134.45,0,"{""USD"":19134.45}"
2025-09-22,ALL,2527,3662719.96,0,"{""BRL"":270606,""CAD"":198099,""MXN"":170536,""USD"":3350336.78,""ZAR"":1820150}"
2025-09-22,GD,1680,3464414.67,0,"{""CAD"":198099,""USD"":3324952.33}"
2025-09-22,GI,29,179170.84,0,"{""BRL"":270606,""MXN"":170536,""USD"":6250,""ZAR"":1820150}"
2025-09-23,AD,424,12689.87,0,"{""USD"":12689.87}"
2025-09-23,ALL,2515,4812638.02,0,"{""BRL"":146779,""CAD"":100360,""GBP"":586994,""USD"":3936237.29}"
2025-09-23,GD,1795,3703115.06,0,"{""CAD"":100360,""USD"":3632461.29}"
2025-09-23,GI,296,1096833.1,0,"{""BRL"":146779,""GBP"":586994,""USD"":291086.13}"
2025-09-24,AD,818,52547.02,0,"{""USD"":52547.02}"
2025-09-24,ALL,2687,3526045.75,0,"{""AUD"":300,""BRL"":459151.72,""CAD"":393332.45,""GBP"":370,""USD"":3159655.58}"
2025-09-24,GD,1689,2580612.46,0,"{""CAD"":393332.45,""USD"":2303705.14}"
2025-09-24,GI,180,892886.27,0,"{""AUD"":300,""BRL"":459151.72,""GBP"":370,""USD"":803403.42}"
2025-09-25,AD,817,109647.97,0,"{""USD"":109647.97}"
2025-09-25,ALL,2601,4548527.73,0,"{""BRL"":207000,""CAD"":410552,""EUR"":10257.55,""GBP"":58598.03,""MXN"":2790782.21,""USD"":3968013.54,""ZAR"":41335}"
2025-09-25,GD,1559,4010453.78,0,"{""CAD"":410552,""USD"":3721423.84}"
2025-09-25,GI,225,428425.98,0,"{""BRL"":207000,""EUR"":10257.55,""GBP"":58598.03,""MXN"":2790782.21,""USD"":136941.73,""ZAR"":41335}"
2025-09-26,AD,822,26017.15,0,"{""USD"":26017.15}"
2025-09-26,ALL,2134,2865441.12,0,"{""BRL"":102681,""CAD"":65941,""GBP"":4410,""USD"":2793322.78}"
2025-09-26,GD,1299,2811826.31,0,"{""CAD"":65941,""USD"":2765403.63}"
2025-09-26,GI,13,27597.66,0,"{""BRL"":102681,""GBP"":4410,""USD"":1902}"
2025-09-27,AD,727,18404.42,0,"{""USD"":18404.42}"
2025-09-27,ALL,1099,328562.22,0,"{""CAD"":13316,""USD"":319187.71}"
2025-09-27,GD,372,310157.8,0,"{""CAD"":13316,""USD"":300783.29}"
2025-09-28,AD,730,16642.98,0,"{""USD"":16642.98}"
2025-09-28,ALL,1070,470673.91,0,"{""GBP"":3950,""USD"":465442.87}"
2025-09-28,GD,339,448799.89,0,"{""USD"":448799.89}"
2025-09-28,GI,1,5231.04,0,"{""GBP"":3950}"
2025-09-29,AD,784,22830.55,0,"{""USD"":22830.55}"
2025-09-29,ALL,2787,3616555.61,0,"{""BRL"":163091,""CAD"":17133.5,""MXN"":792887,""USD"":3527605}"
2025-09-29,GD,1997,3514586.49,0,"{""CAD"":17133.5,""USD"":3502524.45}"
2025-09-29,GI,6,79138.57,0,"{""BRL"":163091,""MXN"":792887,""USD"":2250}"
2025-09-30,AD,1041,89782.6,0,"{""USD"":89782.6}"
2025-09-30,ALL,2899,4443438.82,0,"{""CAD"":590697.03,""GBP"":57,""MXN"":449755,""USD"":4001785.57}"
2025-09-30,GD,1855,4327740.6,0,"{""CAD"":590697.03,""USD"":3911887.97}"
2025-09-30,GI,3,25915.63,0,"{""GBP"":57,""MXN"":449755,""USD"":115}"
2025-10-01,AD,768,26415.97,0,"{""USD"":26415.97}"
2025-10-01,ALL,2333,3136617.65,0,"{""BRL"":158480,""CAD"":242214,""MXN"":128188,""USD"":2928120.8}"
2025-10-01,GD,1557,3041099.27,0,"{""CAD"":242214,""USD"":2870579.83}"
2025-10-01,GI,8,69102.41,0,"{""BRL"":158480,""MXN"":128188,""USD"":31125}"
2025-10-02,AD,708,40814.37,0,"{""USD"":40814.37}"
2025-10-02,ALL,2273,3300292.12,0,"{""BRL"":182996,""CAD"":332386,""USD"":3030905.34}"
2025-10-02,GD,1403,3058271.77,0,"{""CAD"":332386,""USD"":2824270.95}"
2025-10-02,GI,162,201205.98,0,"{""BRL"":182996,""USD"":165820.02}"
2025-10-03,AD,761,20343.54,0,"{""USD"":20343.54}"
2025-10-03,ALL,2059,2491137.6,0,"{""BRL"":250473,""CAD"":61183.5,""USD"":2396938.63,""ZAR"":44200}"
2025-10-03,GD,1293,2404096.47,0,"{""CAD"":61183.5,""USD"":2361023.09}"
2025-10-03,GI,5,66697.58,0,"{""BRL"":250473,""USD"":15572,""ZAR"":44200}"
2025-10-04,AD,716,22887.75,0,"{""USD"":22887.75}"
2025-10-04,ALL,1082,556560.37,0,"{""CAD"":282,""USD"":556361.84}"
2025-10-04,GD,366,533672.62,0,"{""CAD"":282,""USD"":533474.09}"
2025-10-05,AD,753,17534.17,0,"{""USD"":17534.17}"
2025-10-05,ALL,1200,622949.67,0,"{""CAD"":200,""USD"":622808.87}"
2025-10-05,GD,447,605415.5,0,"{""CAD"":200,""USD"":605274.7}"
2025-10-06,AD,748,33338.99,0,"{""USD"":33338.99}"
2025-10-06,ALL,2239,2329849.38,0,"{""BRL"":537980,""CAD"":67707,""EUR"":875,""MXN"":224500,""USD"":2161017.42,""ZAR"":54140}"
2025-10-06,GD,1473,2172908.38,0,"{""CAD"":67707,""USD"":2125242.43}"
2025-10-06,GI,18,123602.01,0,"{""BRL"":537980,""EUR"":875,""MXN"":224500,""USD"":2436,""ZAR"":54140}"
2025-10-07,AD,692,13234.76,0,"{""USD"":13234.76}"
2025-10-07,ALL,2629,2603064.77,0,"{""BRL"":48158,""CAD"":201467,""EUR"":63770.09,""MXN"":237047,""USD"":2331539.12,""ZAR"":558700}"
2025-10-07,GD,1808,2452637.78,0,"{""CAD"":201467,""USD"":2310804.36}"
2025-10-07,GI,129,137192.23,0,"{""BRL"":48158,""EUR"":63770.09,""MXN"":237047,""USD"":7500,""ZAR"":558700}"
2025-10-08,AD,622,13359.34,0,"{""USD"":13359.34}"
2025-10-08,ALL,1935,1758940.61,0,"{""CAD"":90737,""USD"":1695061.47}"
2025-10-08,GD,1312,1742081.27,0,"{""CAD"":90737,""USD"":1678202.13}"
2025-10-08,GI,1,3500,0,"{""USD"":3500}"
2025-10-09,AD,856,564033.91,0,"{""USD"":564033.91}"
2025-10-09,ALL,2392,4022152.92,0,"{""BRL"":58868,""CAD"":298698,""USD"":3513422.71,""ZAR"":4714000}"
2025-10-09,GD,1505,3158623.16,0,"{""CAD"":298698,""USD"":2948338.8}"
2025-10-09,GI,31,299495.85,0,"{""BRL"":58868,""USD"":1050,""ZAR"":4714000}"
2025-10-10,AD,737,22068.88,0,"{""USD"":22068.88}"
2025-10-10,ALL,1896,2638317.36,0,"{""CAD"":162719,""MXN"":65162,""USD"":2443836.67,""ZAR"":1251300}"
2025-10-10,GD,1138,2536322.49,0,"{""CAD"":162719,""USD"":2421767.79}"
2025-10-10,GI,21,79925.99,0,"{""MXN"":65162,""ZAR"":1251300}"
2025-10-11,AD,689,15747.42,0,"{""USD"":15747.42}"
2025-10-11,ALL,1107,477292.58,0,"{""CAD"":260,""USD"":477109.54}"
2025-10-11,GD,418,461545.16,0,"{""CAD"":260,""USD"":461362.12}"
2025-10-12,AD,691,14272.41,0,"{""USD"":14272.41}"
2025-10-12,ALL,1130,559699.37,0,"{""CAD"":4573,""USD"":556479.96}"
2025-10-12,GD,439,545426.96,0,"{""CAD"":4573,""USD"":542207.55}"
2025-10-13,AD,728,47359.07,0,"{""USD"":47359.07}"
2025-10-13,ALL,2171,2390378.35,0,"{""CAD"":39133,""USD"":2358383.2,""ZAR"":73000}"
2025-10-13,GD,1441,2338423.89,0,"{""CAD"":39133,""USD"":2310874.13}"
2025-10-13,GI,2,4595.39,0,"{""USD"":150,""ZAR"":73000}"
2025-10-14,AD,731,14715.98,0,"{""USD"":14715.98}"
2025-10-14,ALL,2741,2678965.88,0,"{""BRL"":360605,""CAD"":45929,""EUR"":54200,""MXN"":364553,""USD"":2453133.97,""ZAR"":673971.54}"
2025-10-14,GD,1998,2465428.74,0,"{""CAD"":45929,""USD"":2433094.58}"
2025-10-14,GI,12,198821.15,0,"{""BRL"":360605,""EUR"":54200,""MXN"":364553,""USD"":5323.41,""ZAR"":673971.54}"
2025-10-15,AD,712,18714.09,0,"{""USD"":18714.09}"
2025-10-15,ALL,2324,2619952.58,0,"{""BRL"":112500,""CAD"":182394,""USD"":2382985.59,""ZAR"":1425500}"
2025-10-15,GD,1540,2455305.77,0,"{""CAD"":182394,""USD"":2326899.8}"
2025-10-15,GI,72,145932.72,0,"{""BRL"":112500,""USD"":37371.7,""ZAR"":1425500}"
2025-10-16,AD,750,16685.73,0,"{""USD"":16685.73}"
2025-10-16,ALL,2799,3183983.07,0,"{""BRL"":63517,""CAD"":234487,""EUR"":70000,""USD"":2899916.27,""ZAR"":440000}"
2025-10-16,GD,1434,2431565.55,0,"{""CAD"":234487,""USD"":2266485.94}"
2025-10-16,GI,615,735731.79,0,"{""BRL"":63517,""EUR"":70000,""USD"":616744.6,""ZAR"":440000}"
2025-10-17,AD,724,22682.7,0,"{""USD"":22682.7}"
2025-10-17,ALL,2039,2837640.21,0,"{""BRL"":159477,""CAD"":209492.55,""USD"":2659318.69}"
2025-10-17,GD,1308,2771495.02,0,"{""CAD"":209492.55,""USD"":2624011.59}"
2025-10-17,GI,7,43462.49,0,"{""BRL"":159477,""USD"":12624.4}"
2025-10-18,AD,695,12129.53,0,"{""USD"":12129.53}"
2025-10-18,ALL,1005,296161.22,0,"{""CAD"":2610,""USD"":294323.77}"
2025-10-18,GD,307,280671.69,0,"{""CAD"":2610,""USD"":278834.24}"
2025-10-18,GI,3,3360,0,"{""USD"":3360}"
2025-10-19,AD,713,13236.42,0,"{""USD"":13236.42}"
2025-10-19,ALL,1189,544101.61,0,"{""CAD"":825,""USD"":543520.81}"
2025-10-19,GD,476,530865.19,0,"{""CAD"":825,""USD"":530284.39}"
2025-10-20,AD,707,30554.48,0,"{""USD"":30554.48}"
2025-10-20,ALL,2250,2516834.41,0,"{""BRL"":144500,""CAD"":31370,""USD"":2458830.5,""ZAR"":131000}"
2025-10-20,GD,1536,2370150.6,0,"{""CAD"":31370,""USD"":2348066.02}"
2025-10-20,GI,7,116129.32,0,"{""BRL"":144500,""USD"":80210,""ZAR"":131000}"
2025-10-21,AD,745,13375.26,0,"{""USD"":13375.26}"
2025-10-21,ALL,2689,3721523.73,0,"{""CAD"":799411,""EUR"":54615,""USD"":3092805.65,""ZAR"":58832}"
2025-10-21,GD,1895,3468873.66,0,"{""CAD"":799411,""USD"":2906085.72}"
2025-10-21,GI,49,239274.82,0,"{""EUR"":54615,""USD"":173344.67,""ZAR"":58832}"
2025-10-22,AD,715,216347.02,0,"{""USD"":216347.02}"
2025-10-22,ALL,2337,2651200.21,0,"{""CAD"":53410,""USD"":2609218.85,""ZAR"":71935.2}"
2025-10-22,GD,1592,2410952.76,0,"{""CAD"":53410,""USD"":2373351.95}"
2025-10-22,GI,30,23900.43,0,"{""USD"":19519.88,""ZAR"":71935.2}"
2025-10-23,AD,804,573117.48,0,"{""CAD"":493750,""USD"":225515.88}"
2025-10-23,ALL,2714,4683442.03,0,"{""BRL"":130584,""CAD"":740750,""EUR"":89793,""USD"":4034194.47}"
2025-10-23,GD,1511,3088047.39,0,"{""CAD"":247000,""USD"":2914158.59}"
2025-10-23,GI,399,1022277.16,0,"{""BRL"":130584,""EUR"":89793,""USD"":894520}"
2025-10-24,AD,840,32523.85,0,"{""USD"":32523.85}"
2025-10-24,ALL,1976,4512615.4,0,"{""BRL"":175223,""CAD"":219371.51,""USD"":4324294.25}"
2025-10-24,GD,1120,4439500.65,0,"{""CAD"":219371.51,""USD"":4285062.4}"
2025-10-24,GI,16,40590.89,0,"{""BRL"":175223,""USD"":6708}"
2025-10-25,AD,719,12998.24,0,"{""USD"":12998.24}"
2025-10-25,ALL,1156,553534.16,0,"{""CAD"":2100,""USD"":552055.75}"
2025-10-25,GD,437,540535.92,0,"{""CAD"":2100,""USD"":539057.51}"
2025-10-26,AD,694,15486.95,0,"{""USD"":15486.95}"
2025-10-26,ALL,1190,648263.33,0,"{""CAD"":3759,""USD"":645616.98}"
2025-10-26,GD,496,632776.38,0,"{""CAD"":3759,""USD"":630130.03}"
2025-10-27,AD,730,31215.82,0,"{""USD"":31215.82}"
2025-10-27,ALL,2351,2530448.18,0,"{""BRL"":113355,""CAD"":84646,""USD"":2448937.65}"
2025-10-27,GD,1601,2465259.89,0,"{""CAD"":84646,""USD"":2405668.83}"
2025-10-27,GI,20,33972.47,0,"{""BRL"":113355,""USD"":12053}"
2025-10-28,AD,752,17824.43,0,"{""USD"":17824.43}"
2025-10-28,ALL,2881,2915485.87,0,"{""BRL"":75563,""CAD"":88039,""EUR"":950,""MXN"":328000,""USD"":2769559.05,""ZAR"":812700}"
2025-10-28,GD,2103,2778042.36,0,"{""CAD"":88039,""USD"":2716062.62}"
2025-10-28,GI,26,119619.08,0,"{""BRL"":75563,""EUR"":950,""MXN"":328000,""USD"":35672,""ZAR"":812700}"
2025-10-29,AD,755,152245.02,0,"{""USD"":152245.02}"
2025-10-29,ALL,2566,3473399.1,0,"{""BRL"":111500,""CAD"":41169.5,""MXN"":298655,""USD"":3060460.01,""ZAR"":5670550}"
2025-10-29,GD,1728,2933603.45,0,"{""CAD"":41169.5,""USD"":2904619.99}"
2025-10-29,GI,83,387550.63,0,"{""BRL"":111500,""MXN"":298655,""USD"":3595,""ZAR"":5670550}"
2025-10-30,AD,684,17558.9,0,"{""USD"":17558.9}"
2025-10-30,ALL,2348,2956620.35,0,"{""BRL"":250461.8,""CAD"":373653,""MXN"":85197,""USD"":2556993.83,""ZAR"":1367397}"
2025-10-30,GD,1485,2765795.85,0,"{""CAD"":373653,""USD"":2502742.93}"
2025-10-30,GI,179,173265.59,0,"{""BRL"":250461.8,""MXN"":85197,""USD"":36692,""ZAR"":1367397}"
2025-10-31,AD,722,83730.07,0,"{""USD"":83730.07}"
2025-10-31,ALL,2208,2720570.07,0,"{""BRL"":61096,""CAD"":30191.04,""CNY"":732000,""MXN"":979067,""USD"":2523923.43}"
2025-10-31,GD,1176,2100250.61,0,"{""CAD"":30191.04,""USD"":2078996.02}"
2025-10-31,GI,310,536589.39,0,"{""BRL"":61096,""CNY"":732000,""MXN"":979067,""USD"":361197.34}"
2025-11-01,AD,760,18444.85,0,"{""USD"":18444.85}"
2025-11-01,ALL,1206,670726.99,0,"{""CAD"":47873,""USD"":637024.24}"
2025-11-01,GD,446,652282.14,0,"{""CAD"":47873,""USD"":618579.39}"
2025-11-02,AD,720,15215.92,0,"{""USD"":15215.92}"
2025-11-02,ALL,1133,454751.3,0,"{""CAD"":1975,""USD"":453360.89}"
2025-11-02,GD,413,439535.38,0,"{""CAD"":1975,""USD"":438144.97}"
2025-11-03,AD,723,126336.99,0,"{""CAD"":155,""USD"":126227.87}"
2025-11-03,ALL,2298,3002338.56,0,"{""BRL"":60912,""CAD"":51741.03,""MXN"":678983.49,""USD"":2914286.7,""ZAR"":16600}"
2025-11-03,GD,1567,2822275.56,0,"{""CAD"":51586.03,""USD"":2785958.83}"
2025-11-03,GI,8,53726.01,0,"{""BRL"":60912,""MXN"":678983.49,""USD"":2100,""ZAR"":16600}"
2025-11-04,AD,668,19757.83,0,"{""USD"":19757.83}"
2025-11-04,ALL,2585,2660269.7,0,"{""CAD"":109885,""MXN"":172103,""USD"":2391694.45,""ZAR"":2978400}"
2025-11-04,GD,1824,2443809.02,0,"{""CAD"":109885,""USD"":2366449.62}"
2025-11-04,GI,93,196702.85,0,"{""MXN"":172103,""USD"":5487,""ZAR"":2978400}"
2025-11-05,AD,418,10703.04,0,"{""USD"":10703.04}"
2025-11-05,ALL,1869,3884246.03,0,"{""BRL"":551710,""CAD"":195337,""MXN"":10200,""USD"":2621649.05,""ZAR"":16714000}"
2025-11-05,GD,1430,2741298.89,0,"{""CAD"":195337,""USD"":2603781.01}"
2025-11-05,GI,21,1132244.1,0,"{""BRL"":551710,""MXN"":10200,""USD"":7165,""ZAR"":16714000}"
2025-11-06,AD,812,536267.75,0,"{""USD"":536267.75}"
2025-11-06,ALL,2992,5566958.94,0,"{""BRL"":231235,""CAD"":342581,""EUR"":2500,""GBP"":74563,""USD"":4604917.97,""ZAR"":9434980}"
2025-11-06,GD,1617,4037694.11,0,"{""CAD"":342581,""USD"":3796515.97}"
2025-11-06,GI,563,992997.08,0,"{""BRL"":231235,""EUR"":2500,""GBP"":74563,""USD"":272134.25,""ZAR"":9434980}"
2025-11-07,AD,676,325580.81,0,"{""USD"":325580.81}"
2025-11-07,ALL,1975,2825474.3,0,"{""BRL"":312157,""CAD"":90050,""GBP"":3860,""USD"":2691499.01,""ZAR"":83850}"
2025-11-07,GD,1277,2429313.69,0,"{""CAD"":90050,""USD"":2365918.2}"
2025-11-07,GI,22,70579.79,0,"{""BRL"":312157,""GBP"":3860,""ZAR"":83850}"
2025-11-08,AD,715,21951.43,0,"{""USD"":21951.43}"
2025-11-08,ALL,1176,565460.45,0,"{""CAD"":4177,""USD"":562519.83}"
2025-11-08,GD,461,543509.02,0,"{""CAD"":4177,""USD"":540568.4}"
2025-11-09,AD,701,20696.34,0,"{""USD"":20696.34}"
2025-11-09,ALL,1432,844047.14,0,"{""CAD"":2696,""GBP"":400,""USD"":841619.42}"
2025-11-09,GD,730,822821.07,0,"{""CAD"":2696,""USD"":820923.08}"
2025-11-09,GI,1,529.73,0,"{""GBP"":400}"
2025-11-10,AD,702,37367.53,0,"{""USD"":37367.53}"
2025-11-10,ALL,2406,3811936.83,0,"{""BRL"":317640,""CAD"":134335,""USD"":3652836.79,""ZAR"":51000}"
2025-11-10,GD,1695,3514041.54,0,"{""CAD"":134335,""USD"":3419469.26}"
2025-11-10,GI,9,260527.77,0,"{""BRL"":317640,""USD"":196000,""ZAR"":51000}"
2025-11-11,AD,692,15412.92,0,"{""USD"":15412.92}"
2025-11-11,ALL,2306,2522583.46,0,"{""BRL"":566993,""CAD"":136377,""USD"":2314510.46,""ZAR"":39800}"
2025-11-11,GD,1589,2392497.39,0,"{""CAD"":136377,""USD"":2296487.54}"
2025-11-11,GI,25,114673.15,0,"{""BRL"":566993,""USD"":2610,""ZAR"":39800}"
2025-11-12,AD,695,71013.69,0,"{""USD"":71013.69}"
2025-11-12,ALL,2800,3764648.42,0,"{""BRL"":476327,""CAD"":209186.79,""GBP"":1545,""USD"":2996065.72,""ZAR"":8656780}"
2025-11-12,GD,1969,3049603.21,0,"{""CAD"":209186.79,""USD"":2902335.03}"
2025-11-12,GI,136,644031.52,0,"{""BRL"":476327,""GBP"":1545,""USD"":22717,""ZAR"":8656780}"
2025-11-13,AD,603,54262.79,0,"{""USD"":54262.79}"
2025-11-13,ALL,2644,4846848.65,0,"{""BRL"":993637,""CAD"":264396,""EUR"":398348.02,""USD"":3646381.27,""ZAR"":6034000}"
2025-11-13,GD,1554,3431433.13,0,"{""CAD"":264396,""USD"":3245297.49}"
2025-11-13,GI,487,1361152.73,0,"{""BRL"":993637,""EUR"":398348.02,""USD"":346820.99,""ZAR"":6034000}"
2025-11-14,AD,719,105372.46,0,"{""USD"":105372.46}"
2025-11-14,ALL,2157,2321812.55,0,"{""BRL"":309395,""CAD"":76041,""USD"":2208451.69}"
2025-11-14,GD,1429,2153387.34,0,"{""CAD"":76041,""USD"":2099854.23}"
2025-11-14,GI,9,63052.75,0,"{""BRL"":309395,""USD"":3225}"
2025-11-15,AD,686,16171.93,0,"{""USD"":16171.93}"
2025-11-15,ALL,1260,637638.03,0,"{""CAD"":292,""USD"":637432.46}"
2025-11-15,GD,574,621466.1,0,"{""CAD"":292,""USD"":621260.53}"
2025-11-16,AD,661,13705.26,0,"{""USD"":13705.26}"
2025-11-16,ALL,1149,552569.47,0,"{""CAD"":1104,""USD"":551792.25}"
2025-11-16,GD,487,537864.21,0,"{""CAD"":1104,""USD"":537086.99}"
2025-11-16,GI,1,1000,0,"{""USD"":1000}"
2025-11-17,AD,714,36015.78,0,"{""USD"":36015.78}"
2025-11-17,ALL,2450,4509205.71,0,"{""BRL"":195797,""CAD"":124370,""EUR"":3335,""USD"":4379980.36}"
2025-11-17,GD,1722,4428593.92,0,"{""CAD"":124370,""USD"":4341037.04}"
2025-11-17,GI,14,44596.01,0,"{""BRL"":195797,""EUR"":3335,""USD"":2927.54}"
2025-11-18,AD,668,13654.86,0,"{""USD"":13654.86}"
2025-11-18,ALL,2290,2931672.12,0,"{""BRL"":132242,""CAD"":327784.42,""EUR"":660,""MXN"":446081,""USD"":2649070.74}"
2025-11-18,GD,1613,2866177.18,0,"{""CAD"":327784.42,""USD"":2635415.88}"
2025-11-18,GI,9,51840.09,0,"{""BRL"":132242,""EUR"":660,""MXN"":446081}"
2025-11-19,AD,721,61171.1,0,"{""USD"":61171.1}"
2025-11-19,ALL,2225,2603179.87,0,"{""BRL"":460845,""CAD"":241096,""EUR"":29235,""GBP"":56900,""USD"":2048691.8,""ZAR"":3069417.08}"
2025-11-19,GD,1437,2157253.07,0,"{""CAD"":241096,""USD"":1987520.7}"
2025-11-19,GI,67,384755.71,0,"{""BRL"":460845,""EUR"":29235,""GBP"":56900,""ZAR"":3069417.08}"
2025-11-20,AD,745,114440.95,0,"{""USD"":114440.95}"
2025-11-20,ALL,2747,5313975.95,0,"{""CAD"":228747,""EUR"":92616,""GBP"":340,""USD"":5046758.25}"
2025-11-20,GD,1567,4369535.34,0,"{""CAD"":228747,""USD"":4208496.71}"
2025-11-20,GI,435,829999.66,0,"{""EUR"":92616,""GBP"":340,""USD"":723820.59}"
2025-11-21,AD,727,121338.03,0,"{""USD"":121338.03}"
2025-11-21,ALL,2005,2630263.25,0,"{""AUD"":2132,""BRL"":247050,""CAD"":268674,""EUR"":1025,""MXN"":251586,""USD"":2353783.55,""ZAR"":370000}"
2025-11-21,GD,1258,2421428.89,0,"{""CAD"":268674,""USD"":2232281.52}"
2025-11-21,GI,20,87496.34,0,"{""AUD"":2132,""BRL"":247050,""EUR"":1025,""MXN"":251586,""USD"":164,""ZAR"":370000}"
2025-11-22,AD,672,13285.15,0,"{""USD"":13285.15}"
2025-11-22,ALL,1210,597470.75,0,"{""CAD"":6482,""USD"":592907.4}"
2025-11-22,GD,538,584185.6,0,"{""CAD"":6482,""USD"":579622.25}"
2025-11-23,AD,668,12451.35,0,"{""USD"":12451.35}"
2025-11-23,ALL,1249,1167833.29,0,"{""CAD"":1980,""USD"":1166439.36}"
2025-11-23,GD,581,1155381.94,0,"{""CAD"":1980,""USD"":1153988.01}"
2025-11-24,AD,657,26233.76,0,"{""USD"":26233.76}"
2025-11-24,ALL,2084,2215803.63,0,"{""BRL"":44451,""CAD"":92727,""USD"":2124387.45,""ZAR"":288042.78}"
2025-11-24,GD,1423,2163333.8,0,"{""CAD"":92727,""USD"":2098053.69}"
2025-11-24,GI,4,26236.07,0,"{""BRL"":44451,""USD"":100,""ZAR"":288042.78}"
2025-11-25,AD,735,297891.01,0,"{""USD"":297891.01}"
2025-11-25,ALL,2293,2845001.91,0,"{""BRL"":401300,""CAD"":88908,""MXN"":1941383.22,""USD"":2593767.5}"
2025-11-25,GD,1536,2347857.8,0,"{""CAD"":88908,""USD"":2285266.28}"
2025-11-25,GI,22,199253.1,0,"{""BRL"":401300,""MXN"":1941383.22,""USD"":10610.21}"
2025-11-26,AD,694,11728.41,0,"{""USD"":11728.41}"
2025-11-26,ALL,1922,2409691.71,0,"{""BRL"":218118,""CAD"":161897,""USD"":2242314.99,""ZAR"":184302}"
2025-11-26,GD,1195,2344562.59,0,"{""CAD"":161897,""USD"":2230586.58}"
2025-11-26,GI,33,53400.71,0,"{""BRL"":218118,""ZAR"":184302}"
2025-11-27,AD,1,275,0,"{""USD"":275}"
2025-11-27,ALL,748,1165230.28,0,"{""BRL"":247118,""CAD"":213285,""USD"":654488.85,""ZAR"":5136695}"
2025-11-27,GD,665,804367.18,0,"{""CAD"":213285,""USD"":654213.85}"
2025-11-27,GI,82,360588.1,0,"{""BRL"":247118,""ZAR"":5136695}"
2025-11-28,AD,719,19022.28,0,"{""USD"":19022.28}"
2025-11-28,ALL,1822,1385643.05,0,"{""BRL"":78775,""CAD"":155281.4,""USD"":1261073.44,""ZAR"":300}"
2025-11-28,GD,1098,1351269.77,0,"{""CAD"":155281.4,""USD"":1241951.16}"
2025-11-28,GI,5,15351,0,"{""BRL"":78775,""USD"":100,""ZAR"":300}"
2025-11-29,AD,624,14833.36,0,"{""USD"":14833.36}"
2025-11-29,ALL,919,332344.52,0,"{""CAD"":490,""USD"":331999.56}"
2025-11-29,GD,295,317511.16,0,"{""CAD"":490,""USD"":317166.2}"
2025-11-30,AD,732,15304.66,0,"{""USD"":15304.66}"
2025-11-30,ALL,1230,774410.03,0,"{""CAD"":48751,""USD"":740089.17}"
2025-11-30,GD,498,759105.37,0,"{""CAD"":48751,""USD"":724784.51}"
2025-12-01,AD,661,13396.97,0,"{""USD"":13396.97}"
2025-12-01,ALL,2487,3582842,0,"{""BRL"":462430,""CAD"":101304.5,""USD"":3422103.16}"
2025-12-01,GD,1819,3479831.89,0,"{""CAD"":101304.5,""USD"":3408513.19}"
2025-12-01,GI,7,89613.14,0,"{""BRL"":462430,""USD"":193}"
2025-12-02,AD,703,17813,0,"{""USD"":17813}"
2025-12-02,ALL,2679,3427274.53,0,"{""BRL"":877894.53,""CAD"":385114,""MXN"":627484,""USD"":2950503.56}"
2025-12-02,GD,1961,3203812.07,0,"{""CAD"":385114,""USD"":2932690.56}"
2025-12-02,GI,15,205649.47,0,"{""BRL"":877894.53,""MXN"":627484}"
2025-12-03,AD,738,13941.8,0,"{""USD"":13941.8}"
2025-12-03,ALL,2242,3096059.35,0,"{""CAD"":77999,""MXN"":734317,""USD"":2994274.59,""ZAR"":80000}"
2025-12-03,GD,1462,2888095.34,0,"{""CAD"":77999,""USD"":2833183.79}"
2025-12-03,GI,42,194022.21,0,"{""MXN"":734317,""USD"":147149,""ZAR"":80000}"
2025-12-04,AD,774,105961.75,0,"{""USD"":105961.75}"
2025-12-04,ALL,2199,3909991.56,0,"{""BRL"":266354.49,""CAD"":163951,""EUR"":54297,""GBP"":143349.5,""MXN"":259513,""USD"":3296430.46,""ZAR"":2955316.18}"
2025-12-04,GD,1199,3291320.75,0,"{""CAD"":163951,""USD"":3175898.71}"
2025-12-04,GI,226,512709.06,0,"{""BRL"":266354.49,""EUR"":54297,""GBP"":143349.5,""MXN"":259513,""USD"":14570,""ZAR"":2955316.18}"
2025-12-05,AD,730,15840.38,0,"{""USD"":15840.38}"
2025-12-05,ALL,1891,1534377.33,0,"{""BRL"":182740,""CAD"":43093.71,""EUR"":910,""MXN"":422134,""USD"":1442410.35,""ZAR"":18200}"
2025-12-05,GD,1134,1421160.08,0,"{""CAD"":43093.71,""USD"":1390821.97}"
2025-12-05,GI,27,97376.87,0,"{""BRL"":182740,""EUR"":910,""MXN"":422134,""USD"":35748,""ZAR"":18200}"
2025-12-06,AD,710,12592.68,0,"{""USD"":12592.68}"
2025-12-06,ALL,1301,649725.63,0,"{""CAD"":1929,""GBP"":3100,""USD"":644262.23}"
2025-12-06,GD,587,633027.57,0,"{""CAD"":1929,""USD"":631669.55}"
2025-12-06,GI,4,4105.37,0,"{""GBP"":3100}"
2025-12-07,AD,636,10809.9,0,"{""USD"":10809.9}"
2025-12-07,ALL,947,320312.42,0,"{""CAD"":25030,""USD"":302691.22}"
2025-12-07,GD,311,309502.52,0,"{""CAD"":25030,""USD"":291881.32}"
2025-12-08,AD,659,45351.94,0,"{""USD"":45351.94}"
2025-12-08,ALL,2069,2328422.81,0,"{""BRL"":137000,""CAD"":91728.71,""EUR"":2758,""USD"":2234205.31}"
2025-12-08,GD,1396,2253430.68,0,"{""CAD"":91728.71,""USD"":2188853.37}"
2025-12-08,GI,14,29640.19,0,"{""BRL"":137000,""EUR"":2758}"
2025-12-09,AD,716,18333.53,0,"{""USD"":18333.53}"
2025-12-09,ALL,2658,3204737.85,0,"{""BRL"":208000,""CAD"":384860.97,""MXN"":611335,""USD"":2856779.41,""ZAR"":30000}"
2025-12-09,GD,1936,3109191.25,0,"{""CAD"":384860.97,""USD"":2838247.88}"
2025-12-09,GI,6,77213.07,0,"{""BRL"":208000,""MXN"":611335,""USD"":198,""ZAR"":30000}"
2025-12-10,AD,629,35906.94,0,"{""USD"":35906.94}"
2025-12-10,ALL,2071,2935886.76,0,"{""BRL"":430341,""CAD"":383243,""USD"":2582867.36}"
2025-12-10,GD,1366,2741154.74,0,"{""CAD"":383243,""USD"":2471350.42}"
2025-12-10,GI,76,158825.09,0,"{""BRL"":430341,""USD"":75610}"
2025-12-11,AD,687,14152.26,0,"{""USD"":14152.26}"
2025-12-11,ALL,2830,5507353.56,0,"{""AUD"":200,""BRL"":361000,""CAD"":835348,""GBP"":405,""MXN"":1074500,""USD"":4515559.64,""ZAR"":4462810}"
2025-12-11,GD,1570,3950573.23,0,"{""CAD"":835348,""USD"":3362485.53}"
2025-12-11,GI,573,1542628.07,0,"{""AUD"":200,""BRL"":361000,""GBP"":405,""MXN"":1074500,""USD"":1138921.85,""ZAR"":4462810}"
2025-12-12,AD,693,21529.58,0,"{""USD"":21529.58}"
2025-12-12,ALL,1832,1547811.7,0,"{""BRL"":753454,""CAD"":79831,""GBP"":310,""USD"":1345504.4}"
2025-12-12,GD,1129,1380176.1,0,"{""CAD"":79831,""USD"":1323974.82}"
2025-12-12,GI,10,146106.02,0,"{""BRL"":753454,""GBP"":310}"
2025-12-13,AD,734,15242.74,0,"{""USD"":15242.74}"
2025-12-13,ALL,1173,478318.01,0,"{""CAD"":20483,""USD"":463897.91}"
2025-12-13,GD,439,463075.27,0,"{""CAD"":20483,""USD"":448655.17}"
2025-12-14,AD,685,14595.35,0,"{""USD"":14595.35}"
2025-12-14,ALL,1156,520643.22,0,"{""CAD"":1255,""USD"":519759.7}"
2025-12-14,GD,470,505547.87,0,"{""CAD"":1255,""USD"":504664.35}"
2025-12-14,GI,1,500,0,"{""USD"":500}"
2025-12-15,AD,670,17115.62,0,"{""USD"":17115.62}"
2025-12-15,ALL,2057,2631806.83,0,"{""BRL"":638044,""CAD"":22696,""USD"":2492450.13}"
2025-12-15,GD,1374,2443794.57,0,"{""CAD"":22696,""USD"":2427816.51}"
2025-12-15,GI,13,170896.64,0,"{""BRL"":638044,""USD"":47518}"
2025-12-16,AD,693,14361.94,0,"{""USD"":14361.94}"
2025-12-16,ALL,2667,2853847.81,0,"{""BRL"":637803,""CAD"":203823.2,""EUR"":227689,""USD"":2327097.8}"
2025-12-16,GD,1783,2395286.05,0,"{""CAD"":203823.2,""USD"":2251793.86}"
2025-12-16,GI,191,444199.81,0,"{""BRL"":637803,""EUR"":227689,""USD"":60942}"
2025-12-17,AD,712,17249.03,0,"{""USD"":17249.03}"
2025-12-17,ALL,2197,2689836.73,0,"{""BRL"":271595,""CAD"":84025.1,""GBP"":220666,""USD"":2285933.39}"
2025-12-17,GD,1369,2128578.3,0,"{""CAD"":84025.1,""USD"":2069424.36}"
2025-12-17,GI,116,544009.4,0,"{""BRL"":271595,""GBP"":220666,""USD"":199260}"
2025-12-18,AD,843,1091334.97,0,"{""CAD"":4601,""USD"":1088095.85}"
2025-12-18,ALL,2258,6539169.8,0,"{""BRL"":129773,""CAD"":207562.33,""USD"":6367951.03}"
2025-12-18,GD,1345,4014549.93,0,"{""CAD"":202961.33,""USD"":3871664.5}"
2025-12-18,GI,70,1433284.9,0,"{""BRL"":129773,""USD"":1408190.68}"
2025-12-19,AD,721,33984.08,0,"{""USD"":33984.08}"
2025-12-19,ALL,1768,2419580.24,0,"{""BRL"":344706,""CAD"":35701,""GBP"":11750,""MXN"":17000,""USD"":2311257.73}"
2025-12-19,GD,1033,2302232.27,0,"{""CAD"":35701,""USD"":2277098.65}"
2025-12-19,GI,14,83363.89,0,"{""BRL"":344706,""GBP"":11750,""MXN"":17000,""USD"":175}"
2025-12-20,AD,661,15174.43,0,"{""USD"":15174.43}"
2025-12-20,ALL,1041,401569.65,0,"{""USD"":401569.65}"
2025-12-20,GD,380,386395.22,0,"{""USD"":386395.22}"
2025-12-21,AD,627,12791.36,0,"{""USD"":12791.36}"
2025-12-21,ALL,1013,485531.29,0,"{""CAD"":16,""USD"":485520.03}"
2025-12-21,GD,386,472739.93,0,"{""CAD"":16,""USD"":472728.67}"
2025-12-22,AD,613,19127.83,0,"{""USD"":19127.83}"
2025-12-22,ALL,1598,3112873.65,0,"{""BRL"":245380,""CAD"":67341.65,""USD"":3018015.75}"
2025-12-22,GD,976,3040553.32,0,"{""CAD"":67341.65,""USD"":2993144.58}"
2025-12-22,GI,9,53192.5,0,"{""BRL"":245380,""USD"":5743.34}"
2025-12-23,AD,614,12548.7,0,"{""USD"":12548.7}"
2025-12-23,ALL,1955,5732694.16,0,"{""BRL"":18178.93,""CAD"":317677.51,""USD"":5505532.9}"
2025-12-23,GD,1338,5655572.93,0,"{""CAD"":317677.51,""USD"":5431926.93}"
2025-12-23,GI,3,64572.53,0,"{""BRL"":18178.93,""USD"":61057.27}"
2025-12-24,AD,53,463.35,0,"{""USD"":463.35}"
2025-12-24,ALL,631,747433.45,0,"{""CAD"":15637,""USD"":736424.95}"
2025-12-24,GD,578,746970.1,0,"{""CAD"":15637,""USD"":735961.6}"
2025-12-25,ALL,311,286118.01,0,"{""CAD"":1830,""USD"":284829.68}"
2025-12-25,GD,311,286118.01,0,"{""CAD"":1830,""USD"":284829.68}"
2025-12-26,AD,909,46408.13,0,"{""USD"":46408.13}"
2025-12-26,ALL,1588,1097237.32,0,"{""BRL"":320906,""CAD"":74630,""USD"":982643.93}"
2025-12-26,GD,673,988775.56,0,"{""CAD"":74630,""USD"":936235.8}"
2025-12-26,GI,6,62053.63,0,"{""BRL"":320906}"
2025-12-27,AD,610,14654.15,0,"{""USD"":14654.15}"
2025-12-27,ALL,909,227533.64,0,"{""CAD"":1335,""USD"":226593.8}"
2025-12-27,GD,299,212879.49,0,"{""CAD"":1335,""USD"":211939.65}"
2025-12-28,AD,556,39328.77,0,"{""USD"":39328.77}"
2025-12-28,ALL,890,490517.79,0,"{""CAD"":4001.71,""USD"":487700.57}"
2025-12-28,GD,334,451189.02,0,"{""CAD"":4001.71,""USD"":448371.8}"
2025-12-29,AD,547,12599.43,0,"{""USD"":12599.43}"
2025-12-29,ALL,1795,2779163.2,0,"{""BRL"":780466,""CAD"":33082,""USD"":2604954.57}"
2025-12-29,GD,1237,2615644.98,0,"{""CAD"":33082,""USD"":2592355.14}"
2025-12-29,GI,11,150918.8,0,"{""BRL"":780466}"
2025-12-30,AD,535,12515.42,0,"{""USD"":12515.42}"
2025-12-30,ALL,1752,2301283.95,0,"{""BRL"":413222,""CAD"":122106,""USD"":2135416.15}"
2025-12-30,GD,1212,2208863.75,0,"{""CAD"":122106,""USD"":2122900.73}"
2025-12-30,GI,5,79904.78,0,"{""BRL"":413222}"
2025-12-31,AD,31,773.01,0,"{""USD"":773.01}"
2025-12-31,ALL,693,965625.34,0,"{""CAD"":21644.2,""USD"":950387.75}"
2025-12-31,GD,662,964852.33,0,"{""CAD"":21644.2,""USD"":949614.74}"
2026-01-01,AD,2,11200,0,"{""USD"":11200}"
2026-01-01,ALL,224,370535.67,0,"{""CAD"":3855,""USD"":367821.74}"
2026-01-01,GD,222,359335.67,0,"{""CAD"":3855,""USD"":356621.74}"
2026-01-02,AD,831,41064.93,0,"{""USD"":41064.93}"
2026-01-02,ALL,1635,908469.01,0,"{""AUD"":500,""BRL"":287599,""CAD"":11292,""USD"":844561.97}"
2026-01-02,GD,799,811446.64,0,"{""CAD"":11292,""USD"":803497.04}"
2026-01-02,GI,5,55957.44,0,"{""AUD"":500,""BRL"":287599}"
2026-01-03,AD,566,13875.79,0,"{""USD"":13875.79}"
2026-01-03,ALL,881,150208.83,0,"{""CAD"":330,""USD"":149976.51}"
2026-01-03,GD,315,136333.04,0,"{""CAD"":330,""USD"":136100.72}"
2026-01-04,AD,535,14178.72,0,"{""USD"":14178.72}"
2026-01-04,ALL,890,224598.49,0,"{""CAD"":4957,""USD"":221108.75}"
2026-01-04,GD,355,210419.77,0,"{""CAD"":4957,""USD"":206930.03}"
2026-01-05,AD,509,15657.69,0,"{""USD"":15657.69}"
2026-01-05,ALL,1842,2097645.69,0,"{""BRL"":265981,""CAD"":38251,""USD"":2019284.09}"
2026-01-05,GD,1327,2030455.23,0,"{""CAD"":38251,""USD"":2003526.4}"
2026-01-05,GI,6,51532.78,0,"{""BRL"":265981,""USD"":100}"
2026-01-06,AD,502,16842.6,0,"{""USD"":16842.6}"
2026-01-06,ALL,1924,2179298.03,0,"{""BRL"":324368,""CAD"":38599.99,""MXN"":380029,""USD"":2067663.49}"
2026-01-06,GD,1412,2077995.41,0,"{""CAD"":38599.99,""USD"":2050820.89}"
2026-01-06,GI,10,84460.02,0,"{""BRL"":324368,""MXN"":380029}"
2026-01-07,AD,487,25896.69,0,"{""USD"":25896.69}"
2026-01-07,ALL,1580,2561661.99,0,"{""BRL"":643656,""CAD"":36460,""USD"":2411530.2}"
2026-01-07,GD,1077,2384131.47,0,"{""CAD"":36460,""USD"":2358463.51}"
2026-01-07,GI,16,151633.83,0,"{""BRL"":643656,""USD"":27170}"
2026-01-08,AD,685,202152.81,0,"{""USD"":202152.81}"
2026-01-08,ALL,1736,2097282.75,0,"{""CAD"":150743.44,""MXN"":324343,""USD"":1972607.07}"
2026-01-08,GD,852,1422899.2,0,"{""CAD"":150743.44,""USD"":1316775.33}"
2026-01-08,GI,199,472230.74,0,"{""MXN"":324343,""USD"":453678.93}"
2026-01-09,AD,582,16338.66,0,"{""USD"":16338.66}"
2026-01-09,ALL,1520,1534398.36,0,"{""BRL"":386473,""CAD"":26834,""MXN"":1048450,""USD"":1380805.44}"
2026-01-09,GD,927,1383358,0,"{""CAD"":26834,""USD"":1364466.78}"
2026-01-09,GI,11,134701.69,0,"{""BRL"":386473,""MXN"":1048450}"
2026-01-10,AD,589,13584.45,0,"{""USD"":13584.45}"
2026-01-10,ALL,980,334099.16,0,"{""CAD"":2104,""USD"":332617.94}"
2026-01-10,GD,391,320514.71,0,"{""CAD"":2104,""USD"":319033.49}"
2026-01-11,AD,569,12867.53,0,"{""USD"":12867.53}"
2026-01-11,ALL,881,290471.2,0,"{""CAD"":2252.1,""USD"":288885.71}"
2026-01-11,GD,312,277603.67,0,"{""CAD"":2252.1,""USD"":276018.18}"
2026-01-12,AD,555,15062.86,0,"{""USD"":15062.86}"
2026-01-12,ALL,1871,2040428.5,0,"{""BRL"":115843,""CAD"":23435,""USD"":2001529.61}"
2026-01-12,GD,1311,1998815.07,0,"{""CAD"":23435,""USD"":1982316.75}"
2026-01-12,GI,5,26550.57,0,"{""BRL"":115843,""USD"":4150}"
2026-01-13,AD,583,15871.34,0,"{""USD"":15871.34}"
2026-01-13,ALL,2546,2779737.18,0,"{""BRL"":627812,""CAD"":9447,""GBP"":3999,""MXN"":533180,""USD"":2615893.56}"
2026-01-13,GD,1943,2603322.94,0,"{""CAD"":9447,""USD"":2596672.22}"
2026-01-13,GI,20,160542.9,0,"{""BRL"":627812,""GBP"":3999,""MXN"":533180,""USD"":3350}"
2026-01-14,AD,578,17020.32,0,"{""CAD"":2000,""USD"":15612.31}"
2026-01-14,ALL,2037,2365375.83,0,"{""BRL"":355846,""CAD"":20329,""MXN"":342000,""USD"":2233435.46,""ZAR"":480443.35}"
2026-01-14,GD,1449,2229425.83,0,"{""CAD"":18329,""USD"":2216522.15}"
2026-01-14,GI,10,118929.69,0,"{""BRL"":355846,""MXN"":342000,""USD"":1301,""ZAR"":480443.35}"
2026-01-15,AD,563,12625.67,0,"{""USD"":12625.67}"
2026-01-15,ALL,2089,2958804.24,0,"{""BRL"":532064,""CAD"":84424,""EUR"":42300,""MXN"":555000,""USD"":2389805.53,""ZAR"":5364000}"
2026-01-15,GD,1408,2364325.25,0,"{""CAD"":84424,""USD"":2304890.48}"
2026-01-15,GI,118,581853.32,0,"{""BRL"":532064,""EUR"":42300,""MXN"":555000,""USD"":72289.38,""ZAR"":5364000}"
2026-01-16,AD,651,28926.68,0,"{""USD"":28926.68}"
2026-01-16,ALL,1813,2136520.3,0,"{""BRL"":273212,""CAD"":1274,""USD"":2082053.83,""ZAR"":12127.8}"
2026-01-16,GD,1156,2054024.05,0,"{""CAD"":1274,""USD"":2053127.15}"
2026-01-16,GI,6,53569.57,0,"{""BRL"":273212,""ZAR"":12127.8}"
2026-01-17,AD,563,11962.37,0,"{""USD"":11962.37}"
2026-01-17,ALL,1127,519873.27,0,"{""CAD"":2191,""USD"":518330.8}"
2026-01-17,GD,564,507910.9,0,"{""CAD"":2191,""USD"":506368.43}"
2026-01-18,AD,596,16036.86,0,"{""USD"":16036.86}"
2026-01-18,ALL,1022,347694.69,0,"{""CAD"":9075,""USD"":341305.86}"
2026-01-18,GD,421,330637.83,0,"{""CAD"":9075,""USD"":324249}"
2026-01-18,GI,5,1020,0,"{""USD"":1020}"
2026-01-19,AD,191,6434.41,0,"{""USD"":6434.41}"
2026-01-19,ALL,1487,2335262.95,0,"{""BRL"":480663,""CAD"":58534,""USD"":2201108.97}"
2026-01-19,GD,1290,2235882.69,0,"{""CAD"":58534,""USD"":2194674.56}"
2026-01-19,GI,6,92945.86,0,"{""BRL"":480663}"
2026-01-20,AD,886,41238.48,0,"{""USD"":41238.48}"
2026-01-20,ALL,2988,3149055.94,0,"{""CAD"":53295,""EUR"":100,""USD"":3111125.06,""ZAR"":4875}"
2026-01-20,GD,2098,3105958.93,0,"{""CAD"":53295,""USD"":3068439.08}"
2026-01-20,GI,4,1858.52,0,"{""EUR"":100,""USD"":1447.5,""ZAR"":4875}"
2026-01-21,AD,579,22231.16,0,"{""USD"":22231.16}"
2026-01-21,ALL,2374,2763961.1,0,"{""CAD"":138809.7,""MXN"":283500,""USD"":2481652.5,""ZAR"":2764897}"
2026-01-21,GD,1645,2436123.82,0,"{""CAD"":138809.7,""USD"":2338401.34}"
2026-01-21,GI,150,305606.12,0,"{""MXN"":283500,""USD"":121020,""ZAR"":2764897}"
2026-01-22,AD,611,187156.68,0,"{""USD"":187156.68}"
2026-01-22,ALL,2805,5488387.1,0,"{""CAD"":60707,""EUR"":454087,""MXN"":534500,""USD"":4896699.02}"
2026-01-22,GD,1564,3551468.66,0,"{""CAD"":58182,""USD"":3510508.34}"
2026-01-22,GI,630,1749761.77,0,"{""CAD"":2525,""EUR"":454087,""MXN"":534500,""USD"":1199034}"
2026-01-23,AD,576,18765.71,0,"{""USD"":18765.71}"
2026-01-23,ALL,1994,2301182.26,0,"{""BRL"":217514,""CAD"":4571,""EUR"":8360,""USD"":2222284.18,""ZAR"":395360}"
2026-01-23,GD,1390,2196701.47,0,"{""CAD"":4571,""USD"":2193483.47}"
2026-01-23,GI,28,85715.08,0,"{""BRL"":217514,""EUR"":8360,""USD"":10035,""ZAR"":395360}"
2026-01-24,AD,548,10979.13,0,"{""USD"":10979.13}"
2026-01-24,ALL,1029,458612.79,0,"{""CAD"":285,""USD"":458412.15}"
2026-01-24,GD,481,447633.66,0,"{""CAD"":285,""USD"":447433.02}"
2026-01-25,AD,564,14719.97,0,"{""USD"":14719.97}"
2026-01-25,ALL,934,509082.08,0,"{""CAD"":623,""USD"":508643.49}"
2026-01-25,GD,370,494362.11,0,"{""CAD"":623,""USD"":493923.52}"
2026-01-26,AD,499,13846.6,0,"{""USD"":13846.6}"
2026-01-26,ALL,1726,2236904.54,0,"{""CAD"":378172.69,""USD"":1970669.74}"
2026-01-26,GD,1227,2223057.94,0,"{""CAD"":378172.69,""USD"":1956823.14}"
2026-01-27,AD,370,14331.43,0,"{""USD"":14331.43}"
2026-01-27,ALL,2254,2527523.29,0,"{""BRL"":41760,""CAD"":116473,""CNY"":372506,""EUR"":67748,""USD"":2305366.15}"
2026-01-27,GD,1846,2372932.09,0,"{""CAD"":116473,""USD"":2290934.72}"
2026-01-27,GI,38,140259.77,0,"{""BRL"":41760,""CNY"":372506,""EUR"":67748,""USD"":100}"
2026-01-28,AD,433,17562.06,0,"{""USD"":17562.06}"
2026-01-28,ALL,2053,2712357.3,0,"{""BRL"":1047708,""CAD"":99620,""EUR"":5350,""USD"":2351123.59,""ZAR"":1353100}"
2026-01-28,GD,1582,2403694.33,0,"{""CAD"":99620,""USD"":2333561.53}"
2026-01-28,GI,38,291100.91,0,"{""BRL"":1047708,""EUR"":5350,""ZAR"":1353100}"
2026-01-29,AD,471,39393.42,0,"{""USD"":39393.42}"
2026-01-29,ALL,2034,3104314.69,0,"{""BRL"":91900,""CAD"":23326,""EUR"":20506,""GBP"":60154.5,""USD"":2861687.55,""ZAR"":1730205}"
2026-01-29,GD,1337,2823395.71,0,"{""CAD"":23326,""USD"":2806974.13}"
2026-01-29,GI,226,241525.56,0,"{""BRL"":91900,""EUR"":20506,""GBP"":60154.5,""USD"":15320,""ZAR"":1730205}"
2026-01-30,AD,466,19381.2,0,"{""USD"":19381.2}"
2026-01-30,ALL,1634,2915739.98,0,"{""BRL"":664524,""CAD"":21129.71,""EUR"":450,""USD"":2771851.8}"
2026-01-30,GD,1147,2762545.98,0,"{""CAD"":21129.71,""USD"":2747670.6}"
2026-01-30,GI,21,133812.79,0,"{""BRL"":664524,""EUR"":450,""USD"":4800}"
2026-01-31,AD,466,12506.17,0,"{""USD"":12506.17}"
2026-01-31,ALL,951,522277.31,0,"{""CAD"":3350,""USD"":519918.9}"
2026-01-31,GD,485,509771.14,0,"{""CAD"":3350,""USD"":507412.73}"
2026-02-01,AD,412,8379.76,0,"{""USD"":8379.76}"
2026-02-01,ALL,740,359923.05,0,"{""CAD"":364,""USD"":359666.79}"
2026-02-01,GD,328,351543.29,0,"{""CAD"":364,""USD"":351287.03}"
2026-02-02,AD,383,8358.35,0,"{""USD"":8358.35}"
2026-02-02,ALL,1651,5393465.75,0,"{""BRL"":220111,""CAD"":84848,""GBP"":500,""USD"":5288494.83,""ZAR"":33050}"
2026-02-02,GD,1241,5339869.75,0,"{""CAD"":84848,""USD"":5280136.48}"
2026-02-02,GI,27,45237.65,0,"{""BRL"":220111,""GBP"":500,""ZAR"":33050}"
2026-02-03,AD,431,24877.31,0,"{""USD"":24877.31}"
2026-02-03,ALL,2168,2235966.54,0,"{""BRL"":169737,""CAD"":55066,""USD"":2164377.83}"
2026-02-03,GD,1735,2178267.16,0,"{""CAD"":55066,""USD"":2139500.52}"
2026-02-03,GI,2,32822.06,0,"{""BRL"":169737}"
2026-02-04,AD,340,18762.87,0,"{""USD"":18762.87}"
2026-02-04,ALL,1907,2409140.54,0,"{""BRL"":418749,""CAD"":87457,""GBP"":28584,""MXN"":32400,""USD"":2177668.46,""ZAR"":808285}"
2026-02-04,GD,1508,2215335.6,0,"{""CAD"":87457,""USD"":2153765.59}"
2026-02-04,GI,59,175042.06,0,"{""BRL"":418749,""GBP"":28584,""MXN"":32400,""USD"":5140,""ZAR"":808285}"
2026-02-05,AD,418,62400.84,0,"{""USD"":62400.84}"
2026-02-05,ALL,1916,3011170.03,0,"{""BRL"":216560,""CAD"":74247,""GBP"":6250,""USD"":2908746.71}"
2026-02-05,GD,1367,2709763.77,0,"{""CAD"":74247,""USD"":2657493.64}"
2026-02-05,GI,131,239005.42,0,"{""BRL"":216560,""GBP"":6250,""USD"":188852.23}"
2026-02-06,AD,374,16469.36,0,"{""USD"":16469.36}"
2026-02-06,ALL,1459,2140628.06,0,"{""BRL"":88900,""CAD"":6747,""MXN"":159000,""USD"":2088279.54,""ZAR"":350000}"
2026-02-06,GD,1071,2019056.71,0,"{""CAD"":6747,""USD"":2014306.8}"
2026-02-06,GI,14,105101.99,0,"{""BRL"":88900,""MXN"":159000,""USD"":57503.38,""ZAR"":350000}"
2026-02-07,AD,400,11162.57,0,"{""USD"":11162.57}"
2026-02-07,ALL,935,650294.87,0,"{""CAD"":840,""USD"":649703.51}"
2026-02-07,GD,535,639132.3,0,"{""CAD"":840,""USD"":638540.94}"
2026-02-08,AD,386,9666.63,0,"{""USD"":9666.63}"
2026-02-08,ALL,784,321023.91,0,"{""CAD"":350,""USD"":320777.51}"
2026-02-08,GD,398,311357.28,0,"{""CAD"":350,""USD"":311110.88}"
2026-02-09,AD,410,14504.24,0,"{""USD"":14504.24}"
2026-02-09,ALL,1874,4406355.79,0,"{""BRL"":734542,""CAD"":83956,""USD"":4205212.02}"
2026-02-09,GD,1450,2249813.08,0,"{""CAD"":83956,""USD"":2190707.78}"
2026-02-09,GI,14,2142038.47,0,"{""BRL"":734542,""USD"":2000000}"
2026-02-10,AD,351,38195.64,0,"{""USD"":38195.64}"
2026-02-10,ALL,2126,3015109.41,0,"{""BRL"":144317,""CAD"":93700,""MXN"":506944,""USD"":2892241.47}"
2026-02-10,GD,1770,2902010.93,0,"{""CAD"":93700,""USD"":2836045.83}"
2026-02-10,GI,5,74902.84,0,"{""BRL"":144317,""MXN"":506944,""USD"":18000}"
2026-02-11,AD,431,42206.02,0,"{""USD"":42206.02}"
2026-02-11,ALL,1800,1927544.3,0,"{""BRL"":561944,""CAD"":64019,""USD"":1773811.54}"
2026-02-11,GD,1360,1776675.1,0,"{""CAD"":64019,""USD"":1731605.52}"
2026-02-11,GI,9,108663.17,0,"{""BRL"":561944}"
2026-02-12,AD,427,11287.33,0,"{""USD"":11287.33}"
2026-02-12,ALL,2112,4524215.96,0,"{""BRL"":64024,""CAD"":144720.06,""GBP"":109885,""MXN"":427000,""USD"":3926758.71,""ZAR"":5144000}"
2026-02-12,GD,1457,3969689.77,0,"{""CAD"":144720.06,""USD"":3867806.38}"
2026-02-12,GI,228,543238.86,0,"{""BRL"":64024,""GBP"":109885,""MXN"":427000,""USD"":47665,""ZAR"":5144000}"
2026-02-13,AD,496,19883.17,0,"{""USD"":19883.17}"
2026-02-13,ALL,1543,2311216.58,0,"{""BRL"":73000,""CAD"":29710,""GBP"":12,""USD"":2276168.73}"
2026-02-13,GD,1044,2276701.5,0,"{""CAD"":29710,""USD"":2255785.56}"
2026-02-13,GI,3,14631.91,0,"{""BRL"":73000,""GBP"":12,""USD"":500}"
2026-02-14,AD,628,12760.88,0,"{""USD"":12760.88}"
2026-02-14,ALL,1108,359435.63,0,"{""AUD"":100,""CAD"":9748,""USD"":352504.13}"
2026-02-14,GD,478,345105.87,0,"{""CAD"":9748,""USD"":338243.25}"
2026-02-14,GI,2,1568.88,0,"{""AUD"":100,""USD"":1500}"
2026-02-15,AD,504,11666.02,0,"{""USD"":11666.02}"
2026-02-15,ALL,1464,1417956.71,0,"{""AUD"":750,""CAD"":2508,""USD"":1415674.49}"
2026-02-15,GD,958,1401274.11,0,"{""CAD"":2508,""USD"":1399508.47}"
2026-02-15,GI,2,5016.58,0,"{""AUD"":750,""USD"":4500}"
2026-02-16,AD,489,16930.81,0,"{""USD"":16930.81}"
2026-02-16,ALL,1949,2152859.67,0,"{""CAD"":26984,""GBP"":265,""MXN"":509082,""USD"":2104393.37}"
2026-02-16,GD,1456,2106459.38,0,"{""CAD"":26984,""USD"":2087462.56}"
2026-02-16,GI,4,29469.48,0,"{""GBP"":265,""MXN"":509082}"
2026-02-17,AD,734,15037.9,0,"{""USD"":15037.9}"
2026-02-17,ALL,2519,2757245.74,0,"{""CAD"":69029,""USD"":2708649.1}"
2026-02-17,GD,1785,2742207.84,0,"{""CAD"":69029,""USD"":2693611.2}"
2026-02-18,AD,805,29258.07,0,"{""USD"":29258.07}"
2026-02-18,ALL,2494,2138445.59,0,"{""BRL"":260369,""CAD"":103228,""USD"":2015425.16}"
2026-02-18,GD,1561,1871571.94,0,"{""CAD"":103228,""USD"":1798899.09}"
2026-02-18,GI,128,237615.58,0,"{""BRL"":260369,""USD"":187268}"
2026-02-19,AD,769,936438.17,0,"{""USD"":936438.17}"
2026-02-19,ALL,2643,4363276.9,0,"{""BRL"":35000,""CAD"":203252,""USD"":4213418.88}"
2026-02-19,GD,1568,2875956.78,0,"{""CAD"":203252,""USD"":2732866.71}"
2026-02-19,GI,306,550881.95,0,"{""BRL"":35000,""USD"":544114}"
2026-02-20,AD,775,20154.55,0,"{""USD"":20154.55}"
2026-02-20,ALL,2112,2859322.52,0,"{""BRL"":716275,""CAD"":20282,""USD"":2670274.94,""ZAR"":595490}"
2026-02-20,GD,1309,2664398.98,0,"{""CAD"":20282,""USD"":2650120.39}"
2026-02-20,GI,28,174768.98,0,"{""BRL"":716275,""ZAR"":595490}"
2026-02-21,AD,728,16320.39,0,"{""USD"":16320.39}"
2026-02-21,ALL,1128,413754.72,0,"{""CAD"":2242,""USD"":412176.34}"
2026-02-21,GD,395,391644.33,0,"{""CAD"":2242,""USD"":390065.95}"
2026-02-21,GI,5,5790,0,"{""USD"":5790}"
2026-02-22,AD,711,16943.08,0,"{""USD"":16943.08}"
2026-02-22,ALL,1267,650086.58,0,"{""CAD"":574,""USD"":649682.48}"
2026-02-22,GD,555,632917.5,0,"{""CAD"":574,""USD"":632513.4}"
2026-02-22,GI,1,226,0,"{""USD"":226}"
2026-02-23,AD,699,15373.37,0,"{""USD"":15373.37}"
2026-02-23,ALL,1927,2519841.37,0,"{""BRL"":461964,""CAD"":56328,""USD"":2390856.24}"
2026-02-23,GD,1204,2415029.96,0,"{""CAD"":56328,""USD"":2375374.87}"
2026-02-23,GI,24,89438.03,0,"{""BRL"":461964,""USD"":108}"
2026-02-24,AD,700,15675.45,0,"{""USD"":15675.45}"
2026-02-24,ALL,2731,3198013.04,0,"{""BRL"":902391,""CAD"":83662,""USD"":2868138.49,""ZAR"":1584360}"
2026-02-24,GD,1923,2904111.36,0,"{""CAD"":83662,""USD"":2845213.04}"
2026-02-24,GI,108,278226.23,0,"{""BRL"":902391,""USD"":7250,""ZAR"":1584360}"
2026-02-25,AD,878,23806.64,0,"{""USD"":23806.64}"
2026-02-25,ALL,2636,5539078.69,0,"{""BRL"":426157,""CAD"":80740.01,""MXN"":253000,""USD"":5376225.95,""ZAR"":150000}"
2026-02-25,GD,1746,5409260.54,0,"{""CAD"":80740.01,""USD"":5352419.31}"
2026-02-25,GI,12,106011.51,0,"{""BRL"":426157,""MXN"":253000,""ZAR"":150000}"
2026-02-26,AD,848,23474.35,0,"{""USD"":23474.35}"
2026-02-26,ALL,2761,5069223.57,0,"{""BRL"":71000,""CAD"":44348.97,""EUR"":170775,""USD"":4576304.22,""ZAR"":4154880}"
2026-02-26,GD,1463,4394726.69,0,"{""CAD"":44348.97,""USD"":4363504.87}"
2026-02-26,GI,450,651022.53,0,"{""BRL"":71000,""EUR"":170775,""USD"":189325,""ZAR"":4154880}"
2026-02-27,AD,824,29534.88,0,"{""USD"":29534.88}"
2026-02-27,ALL,2847,2912287.18,0,"{""BRL"":512327,""CAD"":37475,""EUR"":500,""MXN"":408280,""USD"":2762912.29}"
2026-02-27,GD,1285,2200383.4,0,"{""CAD"":37475,""USD"":2174000.88}"
2026-02-27,GI,738,682368.9,0,"{""BRL"":512327,""EUR"":500,""MXN"":408280,""USD"":559376.53}"
2026-02-28,AD,764,16251.72,0,"{""USD"":16251.72}"
2026-02-28,ALL,1213,480665.08,0,"{""CAD"":951,""USD"":479995.57}"
2026-02-28,GD,449,464413.36,0,"{""CAD"":951,""USD"":463743.85}"
2026-03-01,AD,810,17329.03,0,"{""USD"":17329.03}"
2026-03-01,ALL,1234,609423.75,0,"{""CAD"":1721,""USD"":608212.16}"
2026-03-01,GD,424,592094.72,0,"{""CAD"":1721,""USD"":590883.13}"
2026-03-02,AD,835,20947.1,0,"{""USD"":20947.1}"
2026-03-02,ALL,2362,2491873.4,0,"{""BRL"":384055,""CAD"":183754,""USD"":2288245.23}"
2026-03-02,GD,1520,2391181.29,0,"{""CAD"":183754,""USD"":2261817.88}"
2026-03-02,GI,7,79745.01,0,"{""BRL"":384055,""USD"":5480.25}"
2026-03-03,AD,874,17663.06,0,"{""USD"":17663.06}"
2026-03-03,ALL,2761,2683022.13,0,"{""BRL"":285417.22,""CAD"":76522.48,""MXN"":218386,""USD"":2561467.63}"
2026-03-03,GD,1876,2595850.64,0,"{""CAD"":76522.48,""USD"":2541978.57}"
2026-03-03,GI,11,69508.43,0,"{""BRL"":285417.22,""MXN"":218386,""USD"":1826}"
2026-03-04,AD,880,1971954.4,0,"{""USD"":1971954.4}"
2026-03-04,ALL,2355,4720243.04,0,"{""BRL"":343671,""CAD"":93712,""USD"":4430459.19,""ZAR"":2584000}"
2026-03-04,GD,1358,2356960.25,0,"{""CAD"":93712,""USD"":2290986.7}"
2026-03-04,GI,117,391328.39,0,"{""BRL"":343671,""USD"":167518.09,""ZAR"":2584000}"
2026-03-05,AD,928,283477.36,0,"{""CAD"":2500,""USD"":281717.35}"
2026-03-05,ALL,2766,5159205.32,0,"{""CAD"":344939.8,""EUR"":3000,""GBP"":500,""MXN"":765787.68,""USD"":4868432.39,""ZAR"":750}"
2026-03-05,GD,1464,4342918.35,0,"{""CAD"":342439.8,""USD"":4101839.62}"
2026-03-05,GI,374,532809.61,0,"{""EUR"":3000,""GBP"":500,""MXN"":765787.68,""USD"":484875.42,""ZAR"":750}"
2026-03-06,AD,893,18398.19,0,"{""USD"":18398.19}"
2026-03-06,ALL,2159,2516266.55,0,"{""BRL"":615233,""CAD"":46133.25,""USD"":2250316.03,""ZAR"":1880343.08}"
2026-03-06,GD,1246,2264395.8,0,"{""CAD"":46133.25,""USD"":2231917.84}"
2026-03-06,GI,20,233472.56,0,"{""BRL"":615233,""ZAR"":1880343.08}"
2026-03-07,AD,825,17555.57,0,"{""USD"":17555.57}"
2026-03-07,ALL,1439,678974.65,0,"{""CAD"":1365,""USD"":678013.69}"
2026-03-07,GD,614,661419.08,0,"{""CAD"":1365,""USD"":660458.12}"
2026-03-08,AD,824,15649.27,0,"{""USD"":15649.27}"
2026-03-08,ALL,1377,636977.11,0,"{""CAD"":324,""USD"":636749.01}"
2026-03-08,GD,553,621327.84,0,"{""CAD"":324,""USD"":621099.74}"
2026-03-09,AD,845,21387.32,0,"{""USD"":21387.32}"
2026-03-09,ALL,2506,3185832.99,0,"{""BRL"":369814,""CAD"":34878.68,""MXN"":300000,""USD"":3072607.88}"
2026-03-09,GD,1617,3072489.26,0,"{""CAD"":34878.68,""USD"":3047934.56}"
2026-03-09,GI,44,91956.41,0,"{""BRL"":369814,""MXN"":300000,""USD"":3286}"
2026-03-10,AD,886,17724.19,0,"{""USD"":17724.19}"
2026-03-10,ALL,2864,2874640.98,0,"{""BRL"":11752.25,""CAD"":147368,""USD"":2768620.9}"
2026-03-10,GD,1977,2854644.26,0,"{""CAD"":147368,""USD"":2750896.71}"
2026-03-10,GI,1,2272.53,0,"{""BRL"":11752.25}"
2026-03-11,AD,874,20558.76,0,"{""USD"":20558.76}"
2026-03-11,ALL,2647,2917495.3,0,"{""BRL"":173526,""CAD"":527654,""GBP"":2625,""USD"":2437039.7,""ZAR"":1181600}"
2026-03-11,GD,1752,2787951.07,0,"{""CAD"":527654,""USD"":2416480.94}"
2026-03-11,GI,21,108985.48,0,"{""BRL"":173526,""GBP"":2625,""ZAR"":1181600}"
2026-03-12,AD,891,27246.45,0,"{""USD"":27246.45}"
2026-03-12,ALL,2691,2897812.62,0,"{""BRL"":50400,""CAD"":151773,""EUR"":5605,""GBP"":82058,""USD"":2512265.42,""ZAR"":2527000}"
2026-03-12,GD,1488,2530457.62,0,"{""CAD"":151773,""USD"":2423608.94}"
2026-03-12,GI,312,340108.55,0,"{""BRL"":50400,""EUR"":5605,""GBP"":82058,""USD"":61410.03,""ZAR"":2527000}"
2026-03-13,AD,835,19583.81,0,"{""USD"":19583.81}"
2026-03-13,ALL,2248,2855950.06,0,"{""BRL"":150033,""CAD"":112778,""GBP"":2410,""USD"":2691182.41,""ZAR"":873100}"
2026-03-13,GD,1368,2623248.04,0,"{""CAD"":112778,""USD"":2543851.96}"
2026-03-13,GI,45,213118.21,0,"{""BRL"":150033,""GBP"":2410,""USD"":127746.64,""ZAR"":873100}"
2026-03-14,AD,779,24325.72,0,"{""USD"":24325.72}"
2026-03-14,ALL,1237,618830.79,0,"{""USD"":618830.79}"
2026-03-14,GD,457,584505.07,0,"{""USD"":584505.07}"
2026-03-14,GI,1,10000,0,"{""USD"":10000}"
2026-03-15,AD,570,10357.13,0,"{""USD"":10357.13}"
2026-03-15,ALL,1206,773807.3,0,"{""CAD"":40887,""EUR"":651,""GBP"":350,""USD"":743816.04}"
2026-03-15,GD,634,762243.49,0,"{""CAD"":40887,""USD"":733458.91}"
2026-03-15,GI,2,1206.68,0,"{""EUR"":651,""GBP"":350}"
2026-03-16,AD,591,12915.9,0,"{""USD"":12915.9}"
2026-03-16,ALL,2142,2906423.32,0,"{""BRL"":261588,""CAD"":56057.56,""GBP"":1300,""USD"":2814653.71}"
2026-03-16,GD,1538,2830836.51,0,"{""CAD"":56057.56,""USD"":2791371.81}"
2026-03-16,GI,13,62670.91,0,"{""BRL"":261588,""GBP"":1300,""USD"":10366}"
2026-03-17,AD,663,21496.54,0,"{""USD"":21496.54}"
2026-03-17,ALL,2667,3120073.32,0,"{""BRL"":115812,""CAD"":72973,""EUR"":65680,""USD"":2877790.51,""ZAR"":1536000}"
2026-03-17,GD,1908,2894317.2,0,"{""CAD"":72973,""USD"":2842943.97}"
2026-03-17,GI,96,204259.58,0,"{""BRL"":115812,""EUR"":65680,""USD"":13350,""ZAR"":1536000}"
2026-03-18,AD,703,11735.8,0,"{""USD"":11735.8}"
2026-03-18,ALL,2520,3602655.21,0,"{""BRL"":163010,""CAD"":55685.42,""USD"":3419828.26,""ZAR"":1840900}"
2026-03-18,GD,1655,2839577.18,0,"{""CAD"":55685.42,""USD"":2800374.46}"
2026-03-18,GI,162,751342.24,0,"{""BRL"":163010,""USD"":607718,""ZAR"":1840900}"
2026-03-19,AD,768,655804.58,0,"{""USD"":655804.58}"
2026-03-19,ALL,3355,6270241.05,0,"{""BRL"":72414,""CAD"":145754,""EUR"":87207,""USD"":5787989.46,""ZAR"":4369494.39}"
2026-03-19,GD,1944,4461346.4,0,"{""CAD"":145754,""USD"":4358735.11}"
2026-03-19,GI,643,1153090.07,0,"{""BRL"":72414,""EUR"":87207,""USD"":773449.77,""ZAR"":4369494.39}"
2026-03-20,AD,619,17379.69,0,"{""USD"":17379.69}"
2026-03-20,ALL,1842,4127389.87,0,"{""CAD"":50585,""EUR"":1920,""MXN"":68363,""USD"":4085675.79}"
2026-03-20,GD,1214,4097557.1,0,"{""CAD"":50585,""USD"":4061945.1}"
2026-03-20,GI,9,12453.07,0,"{""EUR"":1920,""MXN"":68363,""USD"":6351}"
2026-03-21,AD,615,10256.63,0,"{""USD"":10256.63}"
2026-03-21,ALL,1087,525460.78,0,"{""CAD"":1564,""USD"":524359.72}"
2026-03-21,GD,472,515204.15,0,"{""CAD"":1564,""USD"":514103.09}"
2026-03-22,AD,606,10703.21,0,"{""USD"":10703.21}"
2026-03-22,ALL,1022,557765.07,0,"{""CAD"":3125,""USD"":555565.06}"
2026-03-22,GD,416,547061.86,0,"{""CAD"":3125,""USD"":544861.85}"
2026-03-23,AD,658,11081.05,0,"{""USD"":11081.05}"
2026-03-23,ALL,2188,3226886.69,0,"{""BRL"":258986,""CAD"":108055,""MXN"":590200.8,""USD"":3060639.37,""ZAR"":104075}"
2026-03-23,GD,1517,3032409.06,0,"{""CAD"":108055,""USD"":2956337.99}"
2026-03-23,GI,13,183396.58,0,"{""BRL"":258986,""MXN"":590200.8,""USD"":93220.33,""ZAR"":104075}"
2026-03-24,AD,753,985156.44,0,"{""USD"":985156.44}"
2026-03-24,ALL,2579,3614551.11,0,"{""BRL"":156120,""CAD"":187734,""USD"":3452196.82}"
2026-03-24,GD,1821,2561695.73,0,"{""CAD"":187734,""USD"":2429530.38}"
2026-03-24,GI,5,67698.94,0,"{""BRL"":156120,""USD"":37510}"
2026-03-25,AD,822,186090.02,0,"{""USD"":186090.02}"
2026-03-25,ALL,2264,2801618.04,0,"{""BRL"":506190.19,""CAD"":121106.4,""CNY"":174216,""USD"":2530272.57,""ZAR"":1027999}"
2026-03-25,GD,1391,2418902.85,0,"{""CAD"":121106.4,""USD"":2333643.55}"
2026-03-25,GI,51,196625.17,0,"{""BRL"":506190.19,""CNY"":174216,""USD"":10539,""ZAR"":1027999}"
2026-03-26,AD,792,22490.01,0,"{""USD"":22490.01}"
2026-03-26,ALL,2506,4222769.58,0,"{""BRL"":293523,""CAD"":47752.25,""MXN"":1101579,""USD"":4061702.41,""ZAR"":126160}"
2026-03-26,GD,1561,3736030.85,0,"{""CAD"":47027.25,""USD"":3702923.51}"
2026-03-26,GI,153,464248.72,0,"{""BRL"":293523,""CAD"":725,""MXN"":1101579,""USD"":336288.89,""ZAR"":126160}"
2026-03-27,AD,817,74066.44,0,"{""USD"":74066.44}"
2026-03-27,ALL,1876,2206340.43,0,"{""BRL"":49574,""CAD"":34791,""USD"":2172218.7,""ZAR"":700}"
2026-03-27,GD,1054,2122645.24,0,"{""CAD"":34791,""USD"":2098152.26}"
2026-03-27,GI,5,9628.76,0,"{""BRL"":49574,""ZAR"":700}"
2026-03-28,AD,705,26008.67,0,"{""USD"":26008.67}"
2026-03-28,ALL,1331,689183.08,0,"{""CAD"":65199,""USD"":643282.77}"
2026-03-28,GD,621,585774.41,0,"{""CAD"":65199,""USD"":539874.1}"
2026-03-28,GI,5,77400,0,"{""USD"":77400}"
2026-03-29,AD,715,14407.28,0,"{""USD"":14407.28}"
2026-03-29,ALL,1214,586472.67,0,"{""CAD"":3128,""USD"":584270.55}"
2026-03-29,GD,499,572065.39,0,"{""CAD"":3128,""USD"":569863.27}"
2026-03-30,AD,742,19263.85,0,"{""USD"":19263.85}"
2026-03-30,ALL,2465,3121465.88,0,"{""BRL"":522092,""CAD"":67712.5,""MXN"":207046,""USD"":2960996.43}"
2026-03-30,GD,1711,2988632.4,0,"{""CAD"":67712.5,""USD"":2940962.58}"
2026-03-30,GI,12,113569.63,0,"{""BRL"":522092,""MXN"":207046,""USD"":770}"
2026-03-31,AD,790,45853.04,0,"{""USD"":45853.04}"
2026-03-31,ALL,2843,3544615.29,0,"{""AUD"":256,""BRL"":714324,""CAD"":23964,""MXN"":281930,""USD"":3302340.15,""ZAR"":1165488.75}"
2026-03-31,GD,2011,3273332.84,0,"{""CAD"":23964,""USD"":3256462.11}"
2026-03-31,GI,42,225429.41,0,"{""AUD"":256,""BRL"":714324,""MXN"":281930,""USD"":25,""ZAR"":1165488.75}"
2026-04-01,AD,836,18161.97,0,"{""USD"":18161.97}"
2026-04-01,ALL,2429,2925549.61,0,"{""BRL"":60339,""CAD"":54795.95,""MXN"":339833.81,""USD"":2855867.47}"
2026-04-01,GD,1588,2876282.03,0,"{""CAD"":54795.95,""USD"":2837705.5}"
2026-04-01,GI,5,31105.61,0,"{""BRL"":60339,""MXN"":339833.81}"
2026-04-02,AD,825,148702.99,0,"{""USD"":148702.99}"
2026-04-02,ALL,2212,2799185.36,0,"{""BRL"":84611,""CAD"":53357.06,""USD"":2745260.58}"
2026-04-02,GD,1383,2634096.13,0,"{""CAD"":53357.06,""USD"":2596532.59}"
2026-04-02,GI,4,16386.24,0,"{""BRL"":84611,""USD"":25}"
2026-04-03,AD,755,15438.65,0,"{""USD"":15438.65}"
2026-04-03,ALL,2024,1668509.81,0,"{""CAD"":33061.71,""USD"":1645234.26}"
2026-04-03,GD,1268,1652271.16,0,"{""CAD"":33061.71,""USD"":1628995.61}"
2026-04-03,GI,1,800,0,"{""USD"":800}"
2026-04-04,AD,795,16492.79,0,"{""USD"":16492.79}"
2026-04-04,ALL,1241,578897.52,0,"{""CAD"":157,""USD"":578786.99}"
2026-04-04,GD,446,562404.73,0,"{""CAD"":157,""USD"":562294.2}"
2026-04-05,AD,757,19339.41,0,"{""USD"":19339.41}"
2026-04-05,ALL,1285,442603.34,0,"{""CAD"":123,""USD"":442516.75}"
2026-04-05,GD,528,423263.93,0,"{""CAD"":123,""USD"":423177.34}"
2026-04-06,AD,700,13569.82,0,"{""USD"":13569.82}"
2026-04-06,ALL,2329,2845304.19,0,"{""BRL"":317630,""CAD"":140461,""EUR"":300,""MXN"":101850,""USD"":2678830.94}"
2026-04-06,GD,1621,2764146.12,0,"{""CAD"":140461,""USD"":2665261.12}"
2026-04-06,GI,8,67588.25,0,"{""BRL"":317630,""EUR"":300,""MXN"":101850}"
2026-04-07,AD,728,14873.21,0,"{""USD"":14873.21}"
2026-04-07,ALL,2899,2874472.26,0,"{""BRL"":571463,""CAD"":101109,""GBP"":52,""USD"":2692718.47}"
2026-04-07,GD,2160,2747926.32,0,"{""CAD"":101109,""USD"":2676745.26}"
2026-04-07,GI,11,111672.73,0,"{""BRL"":571463,""GBP"":52,""USD"":1100}"
2026-04-08,AD,660,24601.16,0,"{""USD"":24601.16}"
2026-04-08,ALL,2181,1989731.24,0,"{""BRL"":515457,""CAD"":87142.86,""USD"":1816377.02,""ZAR"":202500}"
2026-04-08,GD,1510,1853044.95,0,"{""CAD"":87142.86,""USD"":1791696.09}"
2026-04-08,GI,11,112085.14,0,"{""BRL"":515457,""USD"":79.77,""ZAR"":202500}"
2026-04-09,AD,795,14214.56,0,"{""USD"":14214.56}"
2026-04-09,ALL,2880,5368720.68,0,"{""BRL"":469759,""CAD"":188022.5,""USD"":4922164.52,""ZAR"":3667750}"
2026-04-09,GD,1663,4505212.91,0,"{""CAD"":188022.5,""USD"":4372844.46}"
2026-04-09,GI,422,849293.21,0,"{""BRL"":469759,""USD"":535105.5,""ZAR"":3667750}"
2026-04-10,AD,859,24637.3,0,"{""USD"":24637.3}"
2026-04-10,ALL,1956,2253234.31,0,"{""BRL"":402427,""CAD"":17674,""USD"":2116784.98,""ZAR"":758500}"
2026-04-10,GD,1058,2101428.23,0,"{""CAD"":17674,""USD"":2088985.68}"
2026-04-10,GI,39,127168.78,0,"{""BRL"":402427,""USD"":3162,""ZAR"":758500}"
2026-04-11,AD,833,17635.61,0,"{""USD"":17635.61}"
2026-04-11,ALL,1311,676461.08,0,"{""CAD"":40,""USD"":676432.92}"
2026-04-11,GD,478,658825.47,0,"{""CAD"":40,""USD"":658797.31}"
2026-04-12,AD,751,15035.13,0,"{""USD"":15035.13}"
2026-04-12,ALL,1235,601452.41,0,"{""CAD"":99053,""USD"":531718.78}"
2026-04-12,GD,484,586417.28,0,"{""CAD"":99053,""USD"":516683.65}"
2026-04-13,AD,812,55231.7,0,"{""USD"":55231.7}"
2026-04-13,ALL,2431,2734586.73,0,"{""BRL"":365754,""CAD"":56553.16,""USD"":2624047.23}"
2026-04-13,GD,1611,2608504.14,0,"{""CAD"":56553.16,""USD"":2568690.53}"
2026-04-13,GI,8,70850.89,0,"{""BRL"":365754,""USD"":125}"
2026-04-14,AD,652,57039.46,0,"{""USD"":57039.46}"
2026-04-14,ALL,2813,2846312.98,0,"{""BRL"":47300,""CAD"":60883,""USD"":2794304.74}"
2026-04-14,GD,2157,2684227.11,0,"{""CAD"":60883,""USD"":2641365.28}"
2026-04-14,GI,4,105046.41,0,"{""BRL"":47300,""USD"":95900}"
2026-04-15,AD,784,47559.83,0,"{""USD"":47559.83}"
2026-04-15,ALL,2566,2822643.65,0,"{""BRL"":156991,""CAD"":133845,""GBP"":166935,""MXN"":558511,""USD"":2408891.14,""ZAR"":593600}"
2026-04-15,GD,1705,2390326.62,0,"{""CAD"":133845,""USD"":2296099.31}"
2026-04-15,GI,77,384757.19,0,"{""BRL"":156991,""GBP"":166935,""MXN"":558511,""USD"":65232,""ZAR"":593600}"
2026-04-16,AD,797,215030.73,0,"{""USD"":215030.73}"
2026-04-16,ALL,2482,3130491.1,0,"{""BRL"":225363,""CAD"":572649,""GBP"":6600,""USD"":2675025.41}"
2026-04-16,GD,1669,2852352.43,0,"{""CAD"":572649,""USD"":2449205.68}"
2026-04-16,GI,16,63107.94,0,"{""BRL"":225363,""GBP"":6600,""USD"":10789}"
2026-04-17,AD,686,43690.23,0,"{""USD"":43690.23}"
2026-04-17,ALL,1951,3405783.26,0,"{""BRL"":322596,""CAD"":121604,""USD"":3257640.99,""ZAR"":2500}"
2026-04-17,GD,1252,3285510.37,0,"{""CAD"":121604,""USD"":3199900.76}"
2026-04-17,GI,13,76582.66,0,"{""BRL"":322596,""USD"":14050,""ZAR"":2500}"
2026-04-18,AD,769,13994.61,0,"{""USD"":13994.61}"
2026-04-18,ALL,1205,496415.39,0,"{""CAD"":2268,""USD"":494818.71}"
2026-04-18,GD,435,482020.78,0,"{""CAD"":2268,""USD"":480424.1}"
2026-04-18,GI,1,400,0,"{""USD"":400}"
2026-04-19,AD,734,15772.44,0,"{""USD"":15772.44}"
2026-04-19,ALL,1288,520649.53,0,"{""CAD"":210,""USD"":520501.69}"
2026-04-19,GD,554,504877.09,0,"{""CAD"":210,""USD"":504729.25}"
2026-04-20,AD,796,17599.67,0,"{""USD"":17599.67}"
2026-04-20,ALL,2433,3174000.07,0,"{""BRL"":77000,""CAD"":41328,""USD"":3130015.53}"
2026-04-20,GD,1634,3141010.91,0,"{""CAD"":41328,""USD"":3111915.86}"
2026-04-20,GI,3,15389.5,0,"{""BRL"":77000,""USD"":500}"
2026-04-21,AD,795,17448.39,0,"{""USD"":17448.39}"
2026-04-21,ALL,2891,3767444.57,0,"{""CAD"":140482,""EUR"":140049,""USD"":3508667.3}"
2026-04-21,GD,1978,3564218.69,0,"{""CAD"":140482,""USD"":3465318.91}"
2026-04-21,GI,118,185777.49,0,"{""EUR"":140049,""USD"":25900}"
2026-04-22,AD,814,47450.91,0,"{""USD"":47450.91}"
2026-04-22,ALL,2523,2373993.55,0,"{""BRL"":320171,""CAD"":97239,""USD"":2057660.84,""ZAR"":3053820}"
2026-04-22,GD,1584,2070112.5,0,"{""CAD"":97239,""USD"":2001655.93}"
2026-04-22,GI,125,256430.14,0,"{""BRL"":320171,""USD"":8554,""ZAR"":3053820}"
2026-04-23,AD,761,14644.74,0,"{""USD"":14644.74}"
2026-04-23,ALL,2776,5102273.23,0,"{""BRL"":715167,""CAD"":288176,""EUR"":13195,""GBP"":109243,""USD"":4588452.16,""ZAR"":212118.33}"
2026-04-23,GD,1467,4181267.26,0,"{""CAD"":288176,""USD"":3978390.42}"
2026-04-23,GI,548,906361.23,0,"{""BRL"":715167,""EUR"":13195,""GBP"":109243,""USD"":595417,""ZAR"":212118.33}"
2026-04-24,AD,768,14240.79,0,"{""USD"":14240.79}"
2026-04-24,ALL,2034,2481133.09,0,"{""BRL"":483106,""CAD"":15897,""EUR"":4000,""USD"":2356821.33,""ZAR"":248549.84}"
2026-04-24,GD,1249,2351522.08,0,"{""CAD"":15897,""USD"":2340330.54}"
2026-04-24,GI,17,115370.22,0,"{""BRL"":483106,""EUR"":4000,""USD"":2250,""ZAR"":248549.84}"
2026-04-25,AD,736,13340.73,0,"{""USD"":13340.73}"
2026-04-25,ALL,1246,717953.4,0,"{""CAD"":36230,""GBP"":300,""USD"":692050.07}"
2026-04-25,GD,509,704215.38,0,"{""CAD"":36230,""USD"":678709.34}"
2026-04-25,GI,1,397.29,0,"{""GBP"":300}"
2026-04-26,AD,783,13894.38,0,"{""USD"":13894.38}"
2026-04-26,ALL,1253,492886.06,0,"{""CAD"":1596,""USD"":491762.47}"
2026-04-26,GD,470,478991.68,0,"{""CAD"":1596,""USD"":477868.09}"
2026-04-27,AD,742,14897.85,0,"{""USD"":14897.85}"
2026-04-27,ALL,2341,3256967.75,0,"{""CAD"":147891.84,""USD"":3152851.41}"
2026-04-27,GD,1592,3228319.9,0,"{""CAD"":147891.84,""USD"":3124203.56}"
2026-04-27,GI,7,13750,0,"{""USD"":13750}"
2026-04-28,AD,599,11041.71,0,"{""USD"":11041.71}"
2026-04-28,ALL,2531,2537925.26,0,"{""BRL"":128584.73,""CAD"":195812,""USD"":2373881.5,""ZAR"":21791.93}"
2026-04-28,GD,1925,2500672.07,0,"{""CAD"":195812,""USD"":2362819.79}"
2026-04-28,GI,7,26211.48,0,"{""BRL"":128584.73,""USD"":20,""ZAR"":21791.93}"
2026-04-29,AD,632,27674.64,0,"{""USD"":27674.64}"
2026-04-29,ALL,2243,2698194.3,0,"{""BRL"":613619,""CAD"":101708.5,""EUR"":1500,""USD"":2505274.43,""ZAR"":15580.9}"
2026-04-29,GD,1598,2548432.9,0,"{""CAD"":101708.5,""USD"":2476829.79}"
2026-04-29,GI,13,122086.76,0,"{""BRL"":613619,""EUR"":1500,""USD"":770,""ZAR"":15580.9}"
2026-04-30,AD,717,168952.1,0,"{""USD"":168952.1}"
2026-04-30,ALL,2515,4319454.19,0,"{""AUD"":92,""BRL"":530210,""CAD"":362933,""USD"":3953222.49,""ZAR"":133598.17}"
2026-04-30,GD,1781,4037038.4,0,"{""CAD"":362933,""USD"":3781532.39}"
2026-04-30,GI,17,113463.69,0,"{""AUD"":92,""BRL"":530210,""USD"":2738,""ZAR"":133598.17}"
2026-05-01,AD,778,13709.75,0,"{""USD"":13709.75}"
2026-05-01,ALL,1860,2343100.6,0,"{""CAD"":139672,""USD"":2244771.06}"
2026-05-01,GD,1081,2324840.85,0,"{""CAD"":139672,""USD"":2226511.31}"
2026-05-01,GI,1,4550,0,"{""USD"":4550}"
2026-05-02,AD,1040,17821.25,0,"{""USD"":17821.25}"
2026-05-02,ALL,1531,493913.71,0,"{""CAD"":309,""USD"":493696.17}"
2026-05-02,GD,491,476092.46,0,"{""CAD"":309,""USD"":475874.92}"
2026-05-03,AD,935,14676.38,0,"{""USD"":14676.38}"
2026-05-03,ALL,1351,531839.6,0,"{""CAD"":220,""USD"":531684.72}"
2026-05-03,GD,416,517163.22,0,"{""CAD"":220,""USD"":517008.34}"
2026-05-04,AD,900,15224.69,0,"{""USD"":15224.69}"
2026-05-04,ALL,2462,3187385.58,0,"{""BRL"":181000,""CAD"":339924,""MXN"":495782.04,""USD"":2884567.95,""ZAR"":2500}"
2026-05-04,GD,1553,3108150.86,0,"{""CAD"":339924,""USD"":2868843.26}"
2026-05-04,GI,9,64010.03,0,"{""BRL"":181000,""MXN"":495782.04,""USD"":500,""ZAR"":2500}"
2026-05-05,AD,1007,18066.34,0,"{""USD"":18066.34}"
2026-05-05,ALL,2824,3678289.04,0,"{""BRL"":350314,""CAD"":125888.5,""USD"":3203107.76,""ZAR"":5235425.19}"
2026-05-05,GD,1754,3273667.33,0,"{""CAD"":125888.5,""USD"":3185041.42}"
2026-05-05,GI,63,386555.37,0,"{""BRL"":350314,""ZAR"":5235425.19}"
2026-05-06,AD,1000,16462.06,0,"{""USD"":16462.06}"
2026-05-06,ALL,2660,3343965.37,0,"{""AUD"":400,""BRL"":134274,""CAD"":259999.01,""MXN"":420669.17,""USD"":3107335.28,""ZAR"":54000}"
2026-05-06,GD,1630,3002253.37,0,"{""CAD"":259999.01,""USD"":2819213.22}"
2026-05-06,GI,30,325249.94,0,"{""AUD"":400,""BRL"":134274,""MXN"":420669.17,""USD"":271660,""ZAR"":54000}"
2026-05-07,AD,957,17874.28,0,"{""USD"":17874.28}"
2026-05-07,ALL,3201,3897826.6,0,"{""BRL"":711616,""CAD"":164714,""USD"":3256407.15,""ZAR"":6369164.33}"
2026-05-07,GD,1631,2517260.06,0,"{""CAD"":164714,""USD"":2401300.87}"
2026-05-07,GI,613,1362692.26,0,"{""BRL"":711616,""USD"":837232,""ZAR"":6369164.33}"
2026-05-08,AD,919,15308.44,0,"{""USD"":15308.44}"
2026-05-08,ALL,2335,2499181.42,0,"{""BRL"":581898,""CAD"":9732,""USD"":2379808.38}"
2026-05-08,GD,1406,2371116.3,0,"{""CAD"":9732,""USD"":2364264.94}"
2026-05-08,GI,10,112756.68,0,"{""BRL"":581898,""USD"":235}"
2026-05-09,AD,855,13264.96,0,"{""USD"":13264.96}"
2026-05-09,ALL,1325,550080.9,0,"{""AUD"":750,""CAD"":6048,""USD"":545306.51}"
2026-05-09,GD,469,536299.36,0,"{""CAD"":6048,""USD"":532041.55}"
2026-05-09,GI,1,516.58,0,"{""AUD"":750}"
2026-05-10,AD,812,14132.4,0,"{""USD"":14132.4}"
2026-05-10,ALL,1386,671315.14,0,"{""CAD"":27945,""USD"":651641.77}"
2026-05-10,GD,574,657182.74,0,"{""CAD"":27945,""USD"":637509.37}"
2026-05-11,AD,447,22003.11,0,"{""USD"":22003.11}"
2026-05-11,ALL,2281,4157462.34,0,"{""BRL"":531062,""CAD"":43066,""USD"":4022426.54,""ZAR"":33264.71}"
2026-05-11,GD,1822,4028914.76,0,"{""CAD"":43066,""USD"":3998596.16}"
2026-05-11,GI,12,106544.47,0,"{""BRL"":531062,""USD"":1827.27,""ZAR"":33264.71}"
2026-05-12,AD,706,21349.98,0,"{""USD"":21349.98}"
2026-05-12,ALL,2753,2902144.12,0,"{""BRL"":50400,""CAD"":173368,""MXN"":978000,""USD"":2714406.87}"
2026-05-12,GD,2018,2689142.52,0,"{""CAD"":173368,""USD"":2567090.89}"
2026-05-12,GI,29,191651.61,0,"{""BRL"":50400,""MXN"":978000,""USD"":125966}"
2026-05-13,AD,598,8315.18,0,"{""USD"":8315.18}"
2026-05-13,ALL,2395,2858998.08,0,"{""BRL"":160226,""CAD"":127178,""EUR"":4000,""USD"":2728941.14,""ZAR"":81680}"
2026-05-13,GD,1536,2611288.39,0,"{""CAD"":127178,""USD"":2521754.67}"
2026-05-13,GI,261,239394.5,0,"{""BRL"":160226,""EUR"":4000,""USD"":198871.29,""ZAR"":81680}"
2026-05-14,AD,815,873925.45,0,"{""USD"":873925.45}"
2026-05-14,ALL,2541,5147444.21,0,"{""BRL"":132357,""CAD"":294587.3,""USD"":4703151.68,""ZAR"":3470000}"
2026-05-14,GD,1522,3791273.14,0,"{""CAD"":294587.3,""USD"":3583882.73}"
2026-05-14,GI,204,482245.62,0,"{""BRL"":132357,""USD"":245343.5,""ZAR"":3470000}"
2026-05-15,AD,677,19362.06,0,"{""USD"":19362.06}"
2026-05-15,ALL,2049,3580025.42,0,"{""AUD"":764,""CAD"":141442,""USD"":3479923.57}"
2026-05-15,GD,1362,3552587.14,0,"{""CAD"":141442,""USD"":3453011.51}"
2026-05-15,GI,10,8076.22,0,"{""AUD"":764,""USD"":7550}"
2026-05-16,AD,794,17919.25,0,"{""USD"":17919.25}"
2026-05-16,ALL,1194,473773.21,0,"{""CAD"":4386,""USD"":470685.45}"
2026-05-16,GD,400,455853.96,0,"{""CAD"":4386,""USD"":452766.2}"
2026-05-17,AD,823,14608.28,0,"{""USD"":14608.28}"
2026-05-17,ALL,1303,537138.88,0,"{""CAD"":11327,""USD"":529164.64}"
2026-05-17,GD,480,522530.6,0,"{""CAD"":11327,""USD"":514556.36}"
2026-05-18,AD,761,13316.74,0,"{""USD"":13316.74}"
2026-05-18,ALL,2514,2720793.67,0,"{""BRL"":89309,""CAD"":213244,""USD"":2553399.51}"
2026-05-18,GD,1745,2689866.24,0,"{""CAD"":213244,""USD"":2539741.77}"
2026-05-18,GI,8,17610.69,0,"{""BRL"":89309,""USD"":341}"
2026-05-19,AD,839,19324.15,0,"{""USD"":19324.15}"
2026-05-19,ALL,2844,3515514.38,0,"{""BRL"":451061,""CAD"":125923.89,""EUR"":104213,""USD"":3205297.93,""ZAR"":252500}"
2026-05-19,GD,1926,3274624.61,0,"{""CAD"":125923.89,""USD"":3185973.78}"
2026-05-19,GI,79,221565.63,0,"{""BRL"":451061,""EUR"":104213,""ZAR"":252500}"
2026-05-20,AD,841,13672.7,0,"{""USD"":13672.7}"
2026-05-20,ALL,2715,3587080.87,0,"{""CAD"":120128,""EUR"":116740,""USD"":3369242.03}"
2026-05-20,GD,1727,3301962.84,0,"{""CAD"":120128,""USD"":3217392.34}"
2026-05-20,GI,147,271445.33,0,"{""EUR"":116740,""USD"":138176.99}"
2026-05-21,AD,800,23082.07,0,"{""USD"":23082.07}"
2026-05-21,ALL,3111,4988064.25,0,"{""BRL"":114539,""CAD"":142557.55,""CNY"":228019,""EUR"":192823.01,""USD"":4177484.74,""ZAR"":7134100}"
2026-05-21,GD,1573,3114959.22,0,"{""CAD"":142557.55,""USD"":3014598.24}"
2026-05-21,GI,738,1850022.96,0,"{""BRL"":114539,""CNY"":228019,""EUR"":192823.01,""USD"":1139804.43,""ZAR"":7134100}"
2026-05-22,AD,835,17336.13,0,"{""USD"":17336.13}"
2026-05-22,ALL,2352,2544449.33,0,"{""BRL"":116783,""CAD"":37032,""USD"":2495796.34}"
2026-05-22,GD,1511,2501155.86,0,"{""CAD"":37032,""USD"":2475085.21}"
2026-05-22,GI,6,25957.34,0,"{""BRL"":116783,""USD"":3375}"
2026-05-23,AD,658,13643.98,0,"{""USD"":13643.98}"
2026-05-23,ALL,1168,551696.04,0,"{""CAD"":1487,""USD"":550649.19}"
2026-05-23,GD,510,538052.06,0,"{""CAD"":1487,""USD"":537005.21}"
2026-05-24,AD,577,10790.13,0,"{""USD"":10790.13}"
2026-05-24,ALL,1406,1351063.74,0,"{""USD"":1351063.74}"
2026-05-24,GD,829,1340273.61,0,"{""USD"":1340273.61}"
2026-05-25,AD,251,4252.88,0,"{""USD"":4252.88}"
2026-05-25,ALL,1368,1630262.85,0,"{""BRL"":451741,""CAD"":93165,""USD"":1463311.75,""ZAR"":230055.98}"
2026-05-25,GD,1108,1524647.33,0,"{""CAD"":93165,""USD"":1459058.87}"
2026-05-25,GI,9,101362.64,0,"{""BRL"":451741,""ZAR"":230055.98}"
2026-05-26,AD,214,8106.29,0,"{""USD"":8106.29}"
2026-05-26,ALL,2489,4318501.43,0,"{""BRL"":3185424.95,""CAD"":153627.01,""USD"":3573197.6,""ZAR"":347872.19}"
2026-05-26,GD,2074,3672640.22,0,"{""CAD"":153627.01,""USD"":3564486.31}"
2026-05-26,GI,201,637754.92,0,"{""BRL"":3185424.95,""USD"":605,""ZAR"":347872.19}"
2026-05-27,AD,602,13728.35,0,"{""USD"":13728.35}"
2026-05-27,ALL,2439,3837859.46,0,"{""BRL"":553039,""CAD"":216756,""USD"":3284141.59,""ZAR"":4830875}"
2026-05-27,GD,1742,3422425.17,0,"{""CAD"":216756,""USD"":3269828.24}"
2026-05-27,GI,95,401705.94,0,"{""BRL"":553039,""USD"":585,""ZAR"":4830875}"
2026-05-28,AD,668,841618.14,0,"{""USD"":841618.14}"
2026-05-28,ALL,2881,5869163.04,0,"{""BRL"":101694,""CAD"":142480,""CNY"":6700,""EUR"":650709.05,""USD"":5005211.04,""ZAR"":2600}"
2026-05-28,GD,1892,4263899.28,0,"{""CAD"":142480,""USD"":4163592.9}"
2026-05-28,GI,321,763645.62,0,"{""BRL"":101694,""CNY"":6700,""EUR"":650709.05,""ZAR"":2600}"
2026-05-29,AD,514,10161.8,0,"{""USD"":10161.8}"
2026-05-29,ALL,1716,3076053.89,0,"{""BRL"":423687,""CAD"":103719,""EUR"":29500,""USD"":2887430.29}"
2026-05-29,GD,1195,2950287,0,"{""CAD"":103719,""USD"":2877268.49}"
2026-05-29,GI,7,115605.09,0,"{""BRL"":423687,""EUR"":29500}"
2026-05-30,AD,515,10054.7,0,"{""USD"":10054.7}"
2026-05-30,ALL,949,443096.54,0,"{""CAD"":255,""USD"":442917.02}"
2026-05-30,GD,434,433041.84,0,"{""CAD"":255,""USD"":432862.32}"
2026-05-31,AD,482,8423.23,0,"{""USD"":8423.23}"
2026-05-31,ALL,990,598108.28,0,"{""CAD"":22000,""USD"":582620.21}"
2026-05-31,GD,508,589685.05,0,"{""CAD"":22000,""USD"":574196.98}"
2026-06-01,AD,501,14379.06,0,"{""USD"":14379.06}"
2026-06-01,ALL,1730,2740211.14,0,"{""BRL"":843010,""CAD"":9878,""USD"":2470212.69,""ZAR"":1642666}"
2026-06-01,GD,1202,2462787.77,0,"{""CAD"":9878,""USD"":2455833.63}"
2026-06-01,GI,27,263044.31,0,"{""BRL"":843010,""ZAR"":1642666}"
2026-06-02,AD,582,10378.57,0,"{""USD"":10378.57}"
2026-06-02,ALL,2521,3420029.98,0,"{""BRL"":675003,""CAD"":33026,""MXN"":989000,""USD"":2898720.16,""ZAR"":5106515.55}"
2026-06-02,GD,1899,2843442,0,"{""CAD"":33026,""USD"":2820191.59}"
2026-06-02,GI,40,566209.4,0,"{""BRL"":675003,""MXN"":989000,""USD"":68150,""ZAR"":5106515.55}"
2026-06-03,AD,612,13746.39,0,"{""USD"":13746.39}"
2026-06-03,ALL,2221,2525271.61,0,"{""CAD"":79896,""USD"":2462678.62,""ZAR"":104210}"
2026-06-03,GD,1589,2426169.27,0,"{""CAD"":79896,""USD"":2369922.23}"
2026-06-03,GI,20,85355.95,0,"{""USD"":79010,""ZAR"":104210}"
2026-06-04,AD,572,18779.1,0,"{""USD"":18779.1}"
2026-06-04,ALL,2269,4606511.8,0,"{""CAD"":168041.11,""EUR"":1605,""GBP"":108952.01,""MXN"":116000,""USD"":4335456.43}"
2026-06-04,GD,1386,3949380.54,0,"{""CAD"":168041.11,""USD"":3831079.05}"
2026-06-04,GI,311,638352.16,0,"{""EUR"":1605,""GBP"":108952.01,""MXN"":116000,""USD"":485598.28}"
2026-06-05,AD,585,11772.18,0,"{""USD"":11772.18}"
2026-06-05,ALL,1950,2937169.74,0,"{""BRL"":122500,""CAD"":41973,""GBP"":5645,""USD"":2864243.09,""ZAR"":200571.24}"
2026-06-05,GD,1329,2874385.04,0,"{""CAD"":41973,""USD"":2844835.91}"
2026-06-05,GI,36,51012.53,0,"{""BRL"":122500,""GBP"":5645,""USD"":7635,""ZAR"":200571.24}"
2026-06-06,AD,535,10442.97,0,"{""USD"":10442.97}"
2026-06-06,ALL,943,465810.67,0,"{""CAD"":3459,""USD"":463375.52}"
2026-06-06,GD,408,455367.7,0,"{""CAD"":3459,""USD"":452932.55}"
2026-06-07,AD,512,11016.47,0,"{""USD"":11016.47}"
2026-06-07,ALL,979,748939.29,0,"{""CAD"":1400,""USD"":747953.69}"
2026-06-07,GD,467,737922.82,0,"{""CAD"":1400,""USD"":736937.22}"
2026-06-08,AD,525,16590.58,0,"{""USD"":16590.58}"
2026-06-08,ALL,2122,2646897.44,0,"{""BRL"":450513,""CAD"":150629.56,""MXN"":340000,""USD"":2434290.63}"
2026-06-08,GD,1577,2513628.75,0,"{""CAD"":150629.56,""USD"":2407585.05}"
2026-06-08,GI,20,116678.11,0,"{""BRL"":450513,""MXN"":340000,""USD"":10115}"
2026-06-09,AD,575,52102.38,0,"{""USD"":52102.38}"
2026-06-09,ALL,2461,4298800.41,0,"{""BRL"":1243064.07,""CAD"":333173,""USD"":3823874.1}"
2026-06-09,GD,1835,4002977.59,0,"{""CAD"":333173,""USD"":3768422.72}"
2026-06-09,GI,51,243720.44,0,"{""BRL"":1243064.07,""USD"":3349}"
2026-06-10,AD,756,21042.99,0,"{""USD"":21042.99}"
2026-06-10,ALL,2406,3141012.97,0,"{""BRL"":424631,""CAD"":62908,""CNY"":78085,""USD"":2999485.22,""ZAR"":60000}"
2026-06-10,GD,1635,3018529.67,0,"{""CAD"":62908,""USD"":2974242.23}"
2026-06-10,GI,15,101440.32,0,"{""BRL"":424631,""CNY"":78085,""USD"":4200,""ZAR"":60000}"
2026-06-11,AD,756,317293.94,0,"{""USD"":317293.94}"
2026-06-11,ALL,2602,4351092.29,0,"{""BRL"":231971,""CAD"":190335,""EUR"":152095,""USD"":3858245.9,""ZAR"":2305000}"
2026-06-11,GD,1759,3658948.42,0,"{""CAD"":190335,""USD"":3524951.96}"
2026-06-11,GI,87,374849.94,0,"{""BRL"":231971,""EUR"":152095,""USD"":16000,""ZAR"":2305000}"
2026-06-12,AD,659,13629.83,0,"{""USD"":13629.83}"
2026-06-12,ALL,2225,2249213.63,0,"{""AUD"":130,""BRL"":256669,""CAD"":85086,""USD"":2134853.19,""ZAR"":77804.49}"
2026-06-12,GD,1554,2180242.18,0,"{""CAD"":85086,""USD"":2120341.36}"
2026-06-12,GI,12,55341.62,0,"{""AUD"":130,""BRL"":256669,""USD"":882,""ZAR"":77804.49}"
2026-06-13,AD,739,16939.5,0,"{""USD"":16939.5}"
2026-06-13,ALL,1214,480614.84,0,"{""CAD"":7698,""USD"":475195.42}"
2026-06-13,GD,475,463675.34,0,"{""CAD"":7698,""USD"":458255.92}"
2026-06-14,AD,701,12988.45,0,"{""USD"":12988.45}"
2026-06-14,ALL,1315,751439.3,0,"{""CAD"":669,""USD"":750968.32}"
2026-06-14,GD,614,738450.85,0,"{""CAD"":669,""USD"":737979.87}"
2026-06-15,AD,606,11805.57,0,"{""USD"":11805.57}"
2026-06-15,ALL,2494,2481813.96,0,"{""BRL"":1156072,""CAD"":17154,""USD"":2245313.46,""ZAR"":14356.58}"
2026-06-15,GD,1877,2233884.36,0,"{""CAD"":17154,""USD"":2221807.89}"
2026-06-15,GI,11,236124.03,0,"{""BRL"":1156072,""USD"":11700,""ZAR"":14356.58}"
2026-06-16,AD,661,13031.77,0,"{""USD"":13031.77}"
2026-06-16,ALL,2574,2896149.05,0,"{""BRL"":123000,""CAD"":70099.6,""USD"":2823014.18}"
2026-06-16,GD,1910,2859182.76,0,"{""CAD"":70099.6,""USD"":2809832.41}"
2026-06-16,GI,3,23934.52,0,"{""BRL"":123000,""USD"":150}"
2026-06-17,AD,812,18333.68,0,"{""USD"":18333.68}"
2026-06-17,ALL,2789,3738216.45,0,"{""BRL"":632649,""CAD"":155431,""EUR"":74515,""USD"":3421392.09}"
2026-06-17,GD,1923,3483587.34,0,"{""CAD"":155431,""USD"":3374163.41}"
2026-06-17,GI,54,236295.43,0,"{""BRL"":632649,""EUR"":74515,""USD"":28895}"
2026-06-18,AD,733,39868.81,0,"{""USD"":39868.81}"
2026-06-18,ALL,2652,6245735.31,0,"{""BRL"":444189,""CAD"":136660,""EUR"":279411.17,""USD"":5734036.14,""ZAR"":174500}"
2026-06-18,GD,1401,4747190.72,0,"{""CAD"":136660,""USD"":4650981.64}"
2026-06-18,GI,518,1458675.77,0,"{""BRL"":444189,""EUR"":279411.17,""USD"":1043185.69,""ZAR"":174500}"
2026-06-19,AD,909,26504.67,0,"{""USD"":26504.67}"
2026-06-19,ALL,2334,2763052.62,0,"{""BRL"":2984876.47,""CAD"":76623.68,""EUR"":1550,""USD"":2123826.15,""ZAR"":103912}"
2026-06-19,GD,1354,2144074.8,0,"{""CAD"":76623.68,""USD"":2090131.48}"
2026-06-19,GI,71,592473.15,0,"{""BRL"":2984876.47,""EUR"":1550,""USD"":7190,""ZAR"":103912}"
2026-06-20,AD,872,17386.87,0,"{""USD"":17386.87}"
2026-06-20,ALL,1415,687679.7,0,"{""CAD"":13795.59,""USD"":677967.56}"
2026-06-20,GD,543,670292.83,0,"{""CAD"":13795.59,""USD"":660580.69}"
2026-06-21,AD,909,15142.3,0,"{""USD"":15142.3}"
2026-06-21,ALL,1548,594070.97,0,"{""CAD"":135,""USD"":593975.93}"
2026-06-21,GD,639,578928.67,0,"{""CAD"":135,""USD"":578833.63}"
2026-06-22,AD,881,17734.55,0,"{""USD"":17734.55}"
2026-06-22,ALL,2750,3272101.33,0,"{""BRL"":1452874.68,""CAD"":53093.35,""CNY"":224837,""EUR"":10805,""USD"":2908403.32}"
2026-06-22,GD,1798,2928046.66,0,"{""CAD"":53093.35,""USD"":2890668.77}"
2026-06-22,GI,71,326320.12,0,"{""BRL"":1452874.68,""CNY"":224837,""EUR"":10805}"
2026-06-23,AD,946,16250.29,0,"{""USD"":16250.29}"
2026-06-23,ALL,3300,4090909.79,0,"{""BRL"":56000,""CAD"":92721.01,""EUR"":153999.01,""USD"":3825849.12,""ZAR"":216000}"
2026-06-23,GD,2227,3874824.72,0,"{""CAD"":92721.01,""USD"":3809548.83}"
2026-06-23,GI,127,199834.78,0,"{""BRL"":56000,""EUR"":153999.01,""USD"":50,""ZAR"":216000}"
2026-06-24,AD,905,25207.15,0,"{""USD"":25207.15}"
2026-06-24,ALL,2897,13707922.95,0,"{""BRL"":329937,""CAD"":2765764,""USD"":11676773.17,""ZAR"":332420.59}"
2026-06-24,GD,1899,13531108.28,0,"{""CAD"":2765764,""USD"":11584001.45}"
2026-06-24,GI,93,151607.52,0,"{""BRL"":329937,""USD"":67564.57,""ZAR"":332420.59}"
2026-06-25,AD,838,543965.18,0,"{""USD"":543965.18}"
2026-06-25,ALL,2550,5442898.78,0,"{""BRL"":340500,""CAD"":166054,""USD"":5125648.4,""ZAR"":2208780}"
2026-06-25,GD,1530,4412053.8,0,"{""CAD"":166054,""USD"":4295151.25}"
2026-06-25,GI,182,486879.79,0,"{""BRL"":340500,""USD"":286531.97,""ZAR"":2208780}"
2026-06-26,AD,1155,28364.33,0,"{""USD"":28364.33}"
2026-06-26,ALL,2374,2271040.31,0,"{""BRL"":641988.27,""CAD"":227671,""USD"":1986617.84}"
2026-06-26,GD,1205,2069407.63,0,"{""CAD"":227671,""USD"":1909126.51}"
2026-06-26,GI,14,173268.34,0,"{""BRL"":641988.27,""USD"":49127}"
2026-06-27,AD,1150,31280.81,0,"{""USD"":31280.81}"
2026-06-27,ALL,1613,700558.54,0,"{""CAD"":5045,""USD"":697006.84}"
2026-06-27,GD,463,669277.73,0,"{""CAD"":5045,""USD"":665726.03}"
2026-06-28,AD,1066,26146.07,0,"{""USD"":26146.07}"
2026-06-28,ALL,1536,414138.59,0,"{""USD"":414138.59}"
2026-06-28,GD,470,387992.52,0,"{""USD"":387992.52}"
2026-06-29,AD,1111,21361.94,0,"{""USD"":21361.94}"
2026-06-29,ALL,2650,3157954.35,0,"{""BRL"":1253667.64,""CAD"":54707,""USD"":2775923.07,""ZAR"":1660141}"
2026-06-29,GD,1459,2790075.04,0,"{""CAD"":54707,""USD"":2751561.13}"
2026-06-29,GI,80,346517.37,0,"{""BRL"":1253667.64,""USD"":3000,""ZAR"":1660141}"
